ts,time,source,ticker,detail
1777383022,09:30,FLOW,SPX,MAGNET UP
1777383022,09:30,FLOW,SPX,MAGNET UP
1777383022,09:30,FLOW,SPX,MAGNET UP
1777383022,09:30,FLOW,SPX,MAGNET UP
1777383022,09:30,FLOW,SPX,MAGNET UP
1777383022,09:30,FLOW,SPX,MAGNET UP
1777383022,09:30,FLOW,SPX,MAGNET UP
1777383022,09:30,FLOW,SPX,MAGNET UP
1777383022,09:30,FLOW,SPX,MAGNET UP
1777383022,09:30,FLOW,SPX,MAGNET UP
1777383022,09:30,FLOW,SPX,MAGNET UP
1777383022,09:30,FLOW,SPX,MAGNET UP
1777383212,09:33,FLOW,NVDA,MAGNET UP
1777383227,09:33,SOE,DIA,POST BOTTOM LAUNCH
1777383227,09:33,SOE,RUT,SUPPORT BOUNCE
1777383227,09:33,SOE,SPX,POST BOTTOM LAUNCH
1777383228,09:33,SOE,NVDA,POST BOTTOM LAUNCH
1777383229,09:33,SOE,TXN,SUPPORT BOUNCE
1777383229,09:33,SOE,TSM,SUPPORT BOUNCE
1777383229,09:33,SOE,WMT,POST BOTTOM LAUNCH
1777383229,09:33,SOE,JPM,MAGNET BREAKOUT
1777383229,09:33,SOE,UNH,MAGNET BREAKOUT
1777383231,09:33,SOE,ARM,POST BOTTOM LAUNCH
1777383231,09:33,SOE,ABNB,MAGNET BREAKOUT
1777383231,09:33,SOE,DDOG,SUPPORT BOUNCE
1777383231,09:33,SOE,DELL,POST BOTTOM LAUNCH
1777383232,09:33,SOE,CVS,MAGNET BREAKOUT
1777383232,09:33,SOE,NEE,PINNING PREMIUM SELL
1777383232,09:33,SOE,ELV,POST BOTTOM LAUNCH
1777383233,09:33,SOE,GME,MAGNET BREAKOUT
1777383234,09:33,SETUP,COIN,MAGNET UP
1777383234,09:33,SETUP,NVDA,MAGNET UP
1777383234,09:33,SETUP,MU,MAGNET UP
1777383234,09:33,SETUP,ANET,MAGNET UP
1777383234,09:33,SETUP,CRWD,MAGNET UP
1777383234,09:33,SETUP,SNDK,MAGNET UP
1777383234,09:33,SETUP,PANW,MAGNET UP
1777383234,09:33,SETUP,DELL,MAGNET UP
1777383234,09:33,SETUP,NET,MAGNET UP
1777383234,09:33,SETUP,ARM,MAGNET UP
1777383234,09:33,SETUP,GEV,MAGNET UP
1777383234,09:33,SETUP,HPE,MAGNET UP
1777383234,09:33,SETUP,HIMS,MAGNET UP
1777383234,09:33,SETUP,VICR,MAGNET UP
1777383234,09:33,SETUP,MRNA,MAGNET UP
1777383234,09:33,SETUP,TER,MAGNET UP
1777383234,09:33,SETUP,MSTR,MAGNET UP
1777383234,09:33,SETUP,ON,MAGNET UP
1777383234,09:33,SETUP,IBIT,MAGNET UP
1777383234,09:33,SETUP,GOOGL,MAGNET UP
1777383234,09:33,SETUP,AMZN,SUPPORT
1777383234,09:33,SETUP,META,MAGNET UP
1777383279,09:34,FLOW,SPX,MAGNET UP
1777383279,09:34,FLOW,SPX,MAGNET UP
1777383279,09:34,FLOW,QQQ,MAGNET FADE
1777383279,09:34,FLOW,SPX,MAGNET UP
1777383279,09:34,FLOW,SPX,MAGNET UP
1777383279,09:34,FLOW,SPX,MAGNET UP
1777383340,09:35,FLOW,SPY,MAGNET FADE
1777383340,09:35,FLOW,QQQ,MAGNET FADE
1777383371,09:36,FLOW,QQQ,MAGNET UP
1777383371,09:36,FLOW,QQQ,MAGNET UP
1777383371,09:36,FLOW,QQQ,MAGNET UP
1777383371,09:36,FLOW,QQQ,MAGNET UP
1777383371,09:36,FLOW,SPY,MAGNET FADE
1777383371,09:36,FLOW,SPY,MAGNET FADE
1777383371,09:36,FLOW,QQQ,MAGNET UP
1777383371,09:36,FLOW,QQQ,MAGNET UP
1777383371,09:36,FLOW,QQQ,MAGNET UP
1777383371,09:36,FLOW,QQQ,MAGNET UP
1777383371,09:36,FLOW,QQQ,MAGNET UP
1777383371,09:36,FLOW,QQQ,MAGNET UP
1777383371,09:36,FLOW,SPX,MAGNET UP
1777383371,09:36,FLOW,SPX,MAGNET UP
1777383457,09:37,FLOW,MU,MAGNET UP
1777383457,09:37,FLOW,AMD,MAGNET UP
1777383458,09:37,FLOW,NVDA,MAGNET UP
1777383488,09:38,FLOW,SPX,MAGNET UP
1777383488,09:38,FLOW,TSM,MAGNET UP
1777383488,09:38,FLOW,TSM,MAGNET UP
1777383488,09:38,FLOW,SPX,MAGNET UP
1777383488,09:38,FLOW,SPX,MAGNET UP
1777383488,09:38,FLOW,TSM,MAGNET UP
1777383488,09:38,FLOW,SMH,MAGNET FADE
1777383488,09:38,FLOW,ARM,MAGNET UP
1777383519,09:38,FLOW,QQQ,MAGNET UP
1777383519,09:38,FLOW,QQQ,MAGNET UP
1777383519,09:38,FLOW,GEV,MAGNET UP
1777383519,09:38,FLOW,AAPL,MAGNET UP
1777383540,09:39,SOE,QQQ,MAGNET BREAKOUT
1777383543,09:39,SOE,HIMS,MAGNET BREAKOUT
1777383543,09:39,SOE,LWLG,MAGNET BREAKOUT
1777383543,09:39,SETUP,AVGO,MAGNET UP
1777383543,09:39,SETUP,WDC,MAGNET UP
1777383543,09:39,SETUP,KLAC,MAGNET UP
1777383543,09:39,SETUP,MRVL,MAGNET UP
1777383579,09:39,FLOW,QQQ,MAGNET UP
1777383579,09:39,FLOW,SPY,MAGNET FADE
1777383609,09:40,FLOW,QQQ,MAGNET UP
1777383611,09:40,FLOW,SPX,MAGNET UP
1777383611,09:40,FLOW,SPX,MAGNET UP
1777383611,09:40,FLOW,SPX,MAGNET UP
1777383637,09:40,FLOW,QQQ,MAGNET UP
1777383637,09:40,FLOW,NVDA,MAGNET UP
1777383799,09:43,FLOW,SPX,MAGNET UP
1777383799,09:43,FLOW,SPX,MAGNET UP
1777383799,09:43,FLOW,SPX,MAGNET UP
1777383799,09:43,FLOW,SPX,MAGNET UP
1777383832,09:43,FLOW,QQQ,MAGNET UP
1777383832,09:43,FLOW,SPY,MAGNET FADE
1777383832,09:43,FLOW,QQQ,MAGNET UP
1777383832,09:43,FLOW,QQQ,MAGNET UP
1777383832,09:43,FLOW,QQQ,MAGNET UP
1777383832,09:43,FLOW,QQQ,MAGNET UP
1777383832,09:43,FLOW,IWM,MAGNET FADE
1777383832,09:43,FLOW,QQQ,MAGNET UP
1777383832,09:43,FLOW,QQQ,MAGNET UP
1777383832,09:43,FLOW,SPY,MAGNET FADE
1777383832,09:43,FLOW,QQQ,MAGNET UP
1777383832,09:43,FLOW,QQQ,MAGNET UP
1777383833,09:43,FLOW,SPY,MAGNET FADE
1777383833,09:43,FLOW,SPY,MAGNET FADE
1777383833,09:43,FLOW,SPY,MAGNET FADE
1777383833,09:43,FLOW,SPY,MAGNET FADE
1777383833,09:43,FLOW,TSLA,MAGNET UP
1777383833,09:43,FLOW,AMD,MAGNET UP
1777383833,09:43,FLOW,SPY,MAGNET FADE
1777383833,09:43,FLOW,NVDA,MAGNET UP
1777383833,09:43,FLOW,TSLA,MAGNET UP
1777383833,09:43,FLOW,NVDA,MAGNET UP
1777383833,09:43,FLOW,SPY,MAGNET FADE
1777383833,09:43,FLOW,SPY,MAGNET FADE
1777383833,09:43,FLOW,SPY,MAGNET FADE
1777383833,09:43,FLOW,USO,MAGNET UP
1777383833,09:43,FLOW,NVDA,MAGNET UP
1777383833,09:43,FLOW,SPY,MAGNET FADE
1777383833,09:43,FLOW,AAPL,MAGNET UP
1777383833,09:43,FLOW,VIX,MAGNET FADE
1777383833,09:43,FLOW,TSLA,MAGNET UP
1777383833,09:43,FLOW,TSLA,MAGNET UP
1777383833,09:43,FLOW,TSLA,MAGNET UP
1777383833,09:43,FLOW,GOOGL,MAGNET UP
1777383858,09:44,FLOW,SPY,MAGNET FADE
1777383867,09:44,SOE,GOOG,POST BOTTOM LAUNCH
1777383870,09:44,SETUP,AEHR,MAGNET UP
1777383913,09:45,FLOW,SPX,MAGNET UP
1777383913,09:45,FLOW,SPX,MAGNET UP
1777383914,09:45,FLOW,TER,MAGNET UP
1777383914,09:45,FLOW,GLW,MAGNET UP
1777383944,09:45,FLOW,CRWV,MAGNET UP
1777384026,09:47,FLOW,SPOT,MAGNET UP
1777384026,09:47,FLOW,SPOT,MAGNET UP
1777384057,09:47,FLOW,SPX,MAGNET UP
1777384057,09:47,FLOW,SPX,MAGNET UP
1777384057,09:47,FLOW,SPX,MAGNET UP
1777384057,09:47,FLOW,TTMI,MAGNET UP
1777384057,09:47,FLOW,SPX,MAGNET UP
1777384057,09:47,FLOW,SPX,MAGNET UP
1777384057,09:47,FLOW,SPX,MAGNET UP
1777384138,09:48,FLOW,IWM,MAGNET FADE
1777384169,09:49,FLOW,SPY,MAGNET FADE
1777384169,09:49,FLOW,SPY,MAGNET FADE
1777384169,09:49,FLOW,NVDA,MAGNET UP
1777384169,09:49,FLOW,NVDA,MAGNET UP
1777384169,09:49,FLOW,SPX,MAGNET UP
1777384169,09:49,FLOW,QQQ,MAGNET UP
1777384169,09:49,FLOW,QQQ,MAGNET UP
1777384169,09:49,FLOW,IWM,MAGNET FADE
1777384169,09:49,FLOW,IWM,MAGNET FADE
1777384169,09:49,FLOW,QQQ,MAGNET UP
1777384169,09:49,FLOW,QQQ,MAGNET UP
1777384169,09:49,FLOW,SPY,MAGNET FADE
1777384169,09:49,FLOW,SPY,MAGNET FADE
1777384169,09:49,FLOW,SPY,MAGNET FADE
1777384169,09:49,FLOW,QQQ,MAGNET UP
1777384169,09:49,FLOW,SPY,MAGNET FADE
1777384169,09:49,FLOW,SPY,MAGNET FADE
1777384169,09:49,FLOW,SPY,MAGNET FADE
1777384197,09:49,FLOW,QQQ,MAGNET UP
1777384197,09:49,FLOW,QQQ,MAGNET UP
1777384197,09:49,FLOW,QQQ,MAGNET UP
1777384197,09:49,FLOW,SPY,MAGNET FADE
1777384197,09:49,FLOW,SPY,MAGNET FADE
1777384198,09:49,SOE,USO,POST BOTTOM LAUNCH
1777384200,09:50,SETUP,CRWV,MAGNET UP
1777384200,09:50,SETUP,ETSY,MAGNET UP
1777384200,09:50,SOE,SNAP,SUPPORT BOUNCE
1777384200,09:50,SETUP,VRT,MAGNET UP
1777384201,09:50,FLOW,TSLA,MAGNET UP
1777384201,09:50,FLOW,TSLA,MAGNET UP
1777384201,09:50,FLOW,TSLA,MAGNET UP
1777384201,09:50,FLOW,TSLA,MAGNET UP
1777384201,09:50,FLOW,TSLA,MAGNET UP
1777384201,09:50,FLOW,TSLA,MAGNET UP
1777384203,09:50,FLOW,SPY,MAGNET FADE
1777384255,09:50,FLOW,AMD,MAGNET UP
1777384255,09:50,FLOW,AMD,MAGNET UP
1777384255,09:50,FLOW,ALAB,MAGNET UP
1777384255,09:50,FLOW,ALAB,MAGNET UP
1777384285,09:51,FLOW,HOOD,MAGNET UP
1777384285,09:51,FLOW,MDB,MAGNET UP
1777384285,09:51,FLOW,SMH,MAGNET FADE
1777384316,09:51,FLOW,SPX,MAGNET UP
1777384343,09:52,FLOW,NDX,PINNING
1777384374,09:52,FLOW,NVDA,MAGNET UP
1777384480,09:54,FLOW,SPX,MAGNET UP
1777384480,09:54,FLOW,SPX,MAGNET UP
1777384480,09:54,FLOW,SPX,MAGNET UP
1777384480,09:54,FLOW,SPX,MAGNET UP
1777384511,09:55,FLOW,SPY,MAGNET FADE
1777384511,09:55,FLOW,QQQ,MAGNET UP
1777384511,09:55,FLOW,QQQ,MAGNET UP
1777384511,09:55,FLOW,IWM,MAGNET FADE
1777384511,09:55,FLOW,SPY,MAGNET FADE
1777384511,09:55,FLOW,QQQ,MAGNET UP
1777384511,09:55,FLOW,QQQ,MAGNET UP
1777384511,09:55,FLOW,IWM,MAGNET FADE
1777384511,09:55,FLOW,QQQ,MAGNET UP
1777384511,09:55,FLOW,QQQ,MAGNET UP
1777384511,09:55,FLOW,QQQ,MAGNET UP
1777384511,09:55,FLOW,SPY,MAGNET FADE
1777384511,09:55,FLOW,SPY,MAGNET FADE
1777384511,09:55,FLOW,SPY,MAGNET FADE
1777384511,09:55,FLOW,QQQ,MAGNET UP
1777384511,09:55,FLOW,SPY,MAGNET FADE
1777384512,09:55,SOE,U,POST BOTTOM LAUNCH
1777384594,09:56,FLOW,TSLA,MAGNET UP
1777384594,09:56,FLOW,GOOG,MAGNET UP
1777384594,09:56,FLOW,NVDA,MAGNET UP
1777384594,09:56,FLOW,QQQ,MAGNET UP
1777384594,09:56,FLOW,TSLA,MAGNET UP
1777384625,09:57,FLOW,CIEN,MAGNET FADE
1777384625,09:57,FLOW,SPX,MAGNET UP
1777384625,09:57,FLOW,SPX,MAGNET UP
1777384625,09:57,FLOW,CIEN,MAGNET FADE
1777384625,09:57,FLOW,COHR,MAGNET FADE
1777384625,09:57,FLOW,SPX,MAGNET UP
1777384625,09:57,FLOW,COHR,MAGNET FADE
1777384625,09:57,FLOW,OKLO,MAGNET UP
1777384656,09:57,FLOW,NVDA,MAGNET UP
1777384708,09:58,FLOW,QQQ,MAGNET UP
1777384763,09:59,FLOW,SPX,MAGNET UP
1777384764,09:59,FLOW,CLS,MAGNET UP
1777384764,09:59,FLOW,SPY,MAGNET FADE
1777384764,09:59,FLOW,QQQ,MAGNET UP
1777384771,09:59,NCP,QQQ,FLOW_LEADS_UP
1777384771,09:59,NCP,SPY,FLOW_LEADS_UP
1777384835,10:00,SOE,SPX,POST BOTTOM LAUNCH
1777384835,10:00,SOE,UNH,MAGNET BREAKOUT
1777384835,10:00,SOE,USO,POST BOTTOM LAUNCH
1777384835,10:00,SOE,DIA,POST BOTTOM LAUNCH
1777384836,10:00,SOE,U,POST BOTTOM LAUNCH
1777384836,10:00,SOE,WMT,POST BOTTOM LAUNCH
1777384837,10:00,SETUP,STM,MAGNET UP
1777384837,10:00,SETUP,TWLO,MAGNET UP
1777384837,10:00,SOE,SNAP,SUPPORT BOUNCE
1777384874,10:01,FLOW,SPY,MAGNET FADE
1777384905,10:01,FLOW,QQQ,MAGNET UP
1777384905,10:01,FLOW,QQQ,MAGNET UP
1777384905,10:01,FLOW,QQQ,MAGNET UP
1777384905,10:01,FLOW,NVDA,MAGNET UP
1777384905,10:01,FLOW,NVDA,MAGNET UP
1777384905,10:01,FLOW,QQQ,MAGNET UP
1777384905,10:01,FLOW,AAPL,MAGNET UP
1777384905,10:01,FLOW,TSLA,MAGNET UP
1777384905,10:01,FLOW,TSLA,MAGNET UP
1777384905,10:01,FLOW,TSLA,MAGNET UP
1777384905,10:01,FLOW,TSLA,MAGNET UP
1777384905,10:01,FLOW,TSLA,MAGNET UP
1777384905,10:01,FLOW,TSLA,MAGNET UP
1777384905,10:01,FLOW,TSLA,MAGNET UP
1777384905,10:01,FLOW,TSLA,MAGNET UP
1777384905,10:01,FLOW,SPY,MAGNET FADE
1777384905,10:01,FLOW,SPY,MAGNET FADE
1777384905,10:01,FLOW,SPY,MAGNET FADE
1777384933,10:02,FLOW,TSLA,MAGNET UP
1777384935,10:02,FLOW,MU,MAGNET UP
1777384992,10:03,FLOW,QQQ,MAGNET UP
1777385022,10:03,FLOW,SPX,MAGNET UP
1777385022,10:03,FLOW,GFS,SUPPORT
1777385163,10:06,SOE,QQQ,MAGNET BREAKOUT
1777385163,10:06,SOE,GOOG,POST BOTTOM LAUNCH
1777385163,10:06,SOE,RUT,SUPPORT BOUNCE
1777385217,10:06,FLOW,SPX,MAGNET UP
1777385247,10:07,FLOW,SPY,MAGNET FADE
1777385247,10:07,FLOW,IWM,MAGNET FADE
1777385247,10:07,FLOW,TSLA,MAGNET UP
1777385247,10:07,FLOW,SPY,MAGNET FADE
1777385247,10:07,FLOW,TSLA,MAGNET UP
1777385247,10:07,FLOW,TSLA,MAGNET UP
1777385247,10:07,FLOW,QQQ,MAGNET UP
1777385247,10:07,FLOW,ORCL,MAGNET UP
1777385247,10:07,FLOW,COIN,MAGNET UP
1777385247,10:07,FLOW,TSLA,MAGNET UP
1777385247,10:07,FLOW,TSLA,MAGNET UP
1777385247,10:07,FLOW,NVDA,MAGNET UP
1777385247,10:07,FLOW,NVDA,MAGNET UP
1777385247,10:07,FLOW,QQQ,MAGNET UP
1777385247,10:07,FLOW,AMD,MAGNET UP
1777385247,10:07,FLOW,TSLA,MAGNET UP
1777385247,10:07,FLOW,SPY,MAGNET FADE
1777385247,10:07,FLOW,SPY,MAGNET FADE
1777385278,10:07,FLOW,MU,MAGNET UP
1777385309,10:08,FLOW,ENTG,MAGNET UP
1777385394,10:09,FLOW,IREN,MAGNET UP
1777385394,10:09,FLOW,IREN,MAGNET UP
1777385424,10:10,FLOW,EWY,MAGNET UP
1777385450,10:10,FLOW,NVDA,MAGNET UP
1777385450,10:10,FLOW,SPY,MAGNET FADE
1777385618,10:13,FLOW,QQQ,MAGNET UP
1777385618,10:13,FLOW,QQQ,MAGNET UP
1777385618,10:13,FLOW,NVDA,MAGNET UP
1777385618,10:13,FLOW,SPY,MAGNET FADE
1777385618,10:13,FLOW,QQQ,MAGNET UP
1777385618,10:13,FLOW,SPX,MAGNET UP
1777385618,10:13,FLOW,SPX,MAGNET UP
1777385618,10:13,FLOW,TSLA,MAGNET UP
1777385618,10:13,FLOW,NVDA,MAGNET UP
1777385618,10:13,FLOW,TSLA,MAGNET UP
1777385618,10:13,FLOW,TSLA,MAGNET UP
1777385618,10:13,FLOW,SPY,MAGNET FADE
1777385618,10:13,FLOW,SPY,MAGNET FADE
1777385618,10:13,FLOW,SPY,MAGNET FADE
1777385618,10:13,FLOW,NVDA,MAGNET UP
1777385618,10:13,FLOW,AVGO,MAGNET UP
1777385648,10:14,FLOW,MU,MAGNET UP
1777385648,10:14,FLOW,SOXX,SUPPORT FADE
1777385648,10:14,FLOW,AMD,MAGNET UP
1777385761,10:16,FLOW,HUM,MAGNET UP
1777385761,10:16,FLOW,IWM,MAGNET FADE
1777385790,10:16,SOE,JPM,MAGNET BREAKOUT
1777385790,10:16,SOE,NOW,MAGNET BREAKOUT
1777385924,10:18,FLOW,SPY,MAGNET FADE
1777385924,10:18,FLOW,QQQ,MAGNET UP
1777385924,10:18,FLOW,SPY,MAGNET FADE
1777385924,10:18,FLOW,QQQ,MAGNET UP
1777385925,10:18,FLOW,SPY,MAGNET FADE
1777385955,10:19,FLOW,MSFT,MAGNET UP
1777385955,10:19,FLOW,NVDA,MAGNET UP
1777385955,10:19,FLOW,GLD,MAGNET FADE
1777385955,10:19,FLOW,USO,PINNING
1777386006,10:20,FLOW,TSLA,MAGNET UP
1777386006,10:20,FLOW,MU,MAGNET UP
1777386006,10:20,FLOW,MU,MAGNET UP
1777386006,10:20,FLOW,TSLA,MAGNET UP
1777386006,10:20,FLOW,META,MAGNET UP
1777386006,10:20,FLOW,TSLA,MAGNET UP
1777386006,10:20,FLOW,TSLA,MAGNET UP
1777386037,10:20,FLOW,SPX,MAGNET UP
1777386080,10:21,NCP,NVDA,FLOW_LEADS_UP
1777386093,10:21,SOE,IONQ,MAGNET BREAKOUT
1777386120,10:22,FLOW,MCHP,MAGNET UP
1777386289,10:24,FLOW,QQQ,MAGNET UP
1777386290,10:24,FLOW,SPY,MAGNET FADE
1777386290,10:24,FLOW,SPY,MAGNET FADE
1777386290,10:24,FLOW,QQQ,MAGNET UP
1777386290,10:24,FLOW,SPY,MAGNET FADE
1777386290,10:24,FLOW,SPY,MAGNET FADE
1777386290,10:24,FLOW,SPY,MAGNET FADE
1777386290,10:24,FLOW,SPY,MAGNET FADE
1777386290,10:24,FLOW,SPY,MAGNET FADE
1777386320,10:25,FLOW,VIX,MAGNET FADE
1777386320,10:25,FLOW,VIX,MAGNET FADE
1777386320,10:25,FLOW,SPX,MAGNET UP
1777386320,10:25,FLOW,TSLA,MAGNET UP
1777386320,10:25,FLOW,TSLA,MAGNET UP
1777386320,10:25,FLOW,NVDA,MAGNET UP
1777386320,10:25,FLOW,NVDA,MAGNET UP
1777386320,10:25,FLOW,NVDA,MAGNET UP
1777386320,10:25,FLOW,TSLA,MAGNET UP
1777386320,10:25,FLOW,AAPL,MAGNET UP
1777386321,10:25,FLOW,SPY,MAGNET FADE
1777386346,10:25,FLOW,SPY,MAGNET FADE
1777386402,10:26,FLOW,SPY,MAGNET FADE
1777386402,10:26,FLOW,SMH,MAGNET FADE
1777386402,10:26,FLOW,SMH,MAGNET FADE
1777386663,10:31,FLOW,NDX,PINNING
1777386663,10:31,FLOW,QQQ,MAGNET UP
1777386663,10:31,FLOW,QQQ,MAGNET UP
1777386663,10:31,FLOW,QQQ,MAGNET UP
1777386663,10:31,FLOW,META,MAGNET UP
1777386663,10:31,FLOW,TSLA,MAGNET UP
1777386663,10:31,FLOW,NVDA,MAGNET UP
1777386663,10:31,FLOW,QQQ,MAGNET UP
1777386663,10:31,FLOW,QQQ,MAGNET UP
1777386663,10:31,FLOW,TSLA,MAGNET UP
1777386663,10:31,FLOW,NVDA,MAGNET UP
1777386719,10:31,SOE,IWM,DIRECTIONAL
1777386720,10:32,SOE,CVS,SUPPORT BOUNCE
1777386724,10:32,FLOW,MU,MAGNET UP
1777386984,10:36,FLOW,SPY,MAGNET FADE
1777387014,10:36,FLOW,SPY,MAGNET FADE
1777387014,10:36,FLOW,SPY,MAGNET FADE
1777387014,10:36,FLOW,SPX,MAGNET UP
1777387014,10:36,FLOW,SPX,MAGNET UP
1777387014,10:36,FLOW,SPX,MAGNET UP
1777387014,10:36,FLOW,SPY,MAGNET FADE
1777387014,10:36,FLOW,SPY,MAGNET FADE
1777387014,10:36,FLOW,SPY,MAGNET FADE
1777387014,10:36,FLOW,SPY,MAGNET FADE
1777387014,10:36,FLOW,SPY,MAGNET FADE
1777387014,10:36,FLOW,SPY,MAGNET FADE
1777387014,10:36,FLOW,QQQ,MAGNET UP
1777387014,10:36,FLOW,SPY,MAGNET FADE
1777387014,10:36,FLOW,SPY,MAGNET FADE
1777387015,10:36,FLOW,AAPL,MAGNET UP
1777387015,10:36,FLOW,TSLA,MAGNET UP
1777387015,10:36,FLOW,GOOGL,MAGNET UP
1777387015,10:36,FLOW,AAPL,MAGNET UP
1777387015,10:36,FLOW,SPX,MAGNET UP
1777387015,10:36,FLOW,TSLA,MAGNET UP
1777387015,10:36,FLOW,AAPL,MAGNET UP
1777387015,10:36,FLOW,NVDA,MAGNET UP
1777387015,10:36,FLOW,NVDA,MAGNET UP
1777387051,10:37,SETUP,UCTT,MAGNET UP
1777387076,10:37,FLOW,AMD,MAGNET UP
1777387076,10:37,FLOW,SMH,MAGNET FADE
1777387076,10:37,FLOW,LRCX,MAGNET FADE
1777387159,10:39,FLOW,SPY,MAGNET FADE
1777387159,10:39,FLOW,SPY,MAGNET FADE
1777387159,10:39,FLOW,SPX,MAGNET UP
1777387159,10:39,FLOW,SPX,MAGNET UP
1777387159,10:39,FLOW,SPX,MAGNET UP
1777387159,10:39,FLOW,SPY,MAGNET FADE
1777387159,10:39,FLOW,QQQ,MAGNET UP
1777387159,10:39,FLOW,SPX,MAGNET UP
1777387160,10:39,FLOW,DELL,MAGNET UP
1777387160,10:39,FLOW,AMKR,MAGNET FADE
1777387221,10:40,FLOW,SPY,MAGNET FADE
1777387221,10:40,FLOW,QQQ,MAGNET UP
1777387251,10:40,FLOW,SPX,MAGNET UP
1777387251,10:40,FLOW,SPX,MAGNET UP
1777387364,10:42,FLOW,SPY,MAGNET FADE
1777387364,10:42,FLOW,SPY,MAGNET FADE
1777387364,10:42,FLOW,SPY,MAGNET FADE
1777387364,10:42,FLOW,QQQ,MAGNET UP
1777387364,10:42,FLOW,QQQ,MAGNET UP
1777387364,10:42,FLOW,QQQ,MAGNET UP
1777387364,10:42,FLOW,QQQ,MAGNET UP
1777387364,10:42,FLOW,QQQ,MAGNET UP
1777387364,10:42,FLOW,QQQ,MAGNET UP
1777387364,10:42,FLOW,IWM,MAGNET FADE
1777387364,10:42,FLOW,QQQ,MAGNET UP
1777387364,10:42,FLOW,SPX,MAGNET UP
1777387364,10:42,FLOW,SPY,MAGNET FADE
1777387364,10:42,FLOW,SPY,MAGNET FADE
1777387364,10:42,FLOW,SPY,MAGNET FADE
1777387364,10:42,FLOW,SPY,MAGNET FADE
1777387364,10:42,FLOW,DIA,MAGNET UP
1777387365,10:42,FLOW,GLD,MAGNET FADE
1777387395,10:43,FLOW,GOOGL,MAGNET UP
1777387395,10:43,FLOW,GOOG,PINNING
1777387395,10:43,FLOW,NVDA,MAGNET UP
1777387395,10:43,FLOW,NVDA,MAGNET UP
1777387449,10:44,FLOW,TSLA,MAGNET UP
1777387449,10:44,FLOW,TSLA,MAGNET UP
1777387449,10:44,FLOW,AVGO,MAGNET UP
1777387449,10:44,FLOW,TSLA,MAGNET UP
1777387449,10:44,FLOW,TSLA,MAGNET UP
1777387449,10:44,FLOW,TSLA,MAGNET UP
1777387449,10:44,FLOW,TSLA,MAGNET UP
1777387449,10:44,FLOW,TSLA,MAGNET UP
1777387449,10:44,FLOW,TSLA,MAGNET UP
1777387449,10:44,FLOW,TSLA,MAGNET UP
1777387450,10:44,FLOW,MU,MAGNET UP
1777387450,10:44,FLOW,MU,MAGNET UP
1777387450,10:44,FLOW,AMD,MAGNET UP
1777387450,10:44,FLOW,AMD,MAGNET UP
1777387450,10:44,FLOW,WMT,MAGNET UP
1777387450,10:44,FLOW,MU,MAGNET UP
1777387480,10:44,FLOW,MSTR,MAGNET UP
1777387507,10:45,FLOW,SPY,MAGNET FADE
1777387510,10:45,FLOW,SOFI,MAGNET UP
1777387655,10:47,FLOW,SPX,MAGNET UP
1777387655,10:47,FLOW,SPX,MAGNET UP
1777387655,10:47,FLOW,SPX,MAGNET UP
1777387683,10:48,SOE,JD,POST BOTTOM LAUNCH
1777387737,10:48,FLOW,IWM,MAGNET FADE
1777387737,10:48,FLOW,IWM,MAGNET FADE
1777387737,10:48,FLOW,QQQ,MAGNET UP
1777387737,10:48,FLOW,QQQ,MAGNET UP
1777387737,10:48,FLOW,QQQ,MAGNET UP
1777387737,10:48,FLOW,SPY,MAGNET FADE
1777387737,10:48,FLOW,SPY,MAGNET FADE
1777387737,10:48,FLOW,SPY,MAGNET FADE
1777387737,10:48,FLOW,SPY,MAGNET FADE
1777387737,10:48,FLOW,SPY,MAGNET FADE
1777387737,10:48,FLOW,SPY,MAGNET FADE
1777387738,10:48,FLOW,NDX,PINNING
1777387738,10:48,FLOW,AAPL,MAGNET UP
1777387738,10:48,FLOW,AAPL,MAGNET UP
1777387738,10:48,FLOW,GOOG,PINNING
1777387738,10:48,FLOW,TSLA,MAGNET UP
1777387797,10:49,FLOW,MU,MAGNET UP
1777387797,10:49,FLOW,AMD,MAGNET UP
1777387797,10:49,FLOW,AVGO,MAGNET UP
1777387827,10:50,FLOW,SPX,MAGNET UP
1777387827,10:50,FLOW,SPX,MAGNET UP
1777387889,10:51,FLOW,RIVN,MAGNET UP
1777387889,10:51,FLOW,CMG,MAGNET FADE
1777387889,10:51,FLOW,CMG,MAGNET FADE
1777387921,10:52,FLOW,QQQ,MAGNET UP
1777387951,10:52,FLOW,SPX,MAGNET UP
1777387951,10:52,FLOW,SPX,MAGNET UP
1777387951,10:52,FLOW,SPX,MAGNET UP
1777387951,10:52,FLOW,SPX,MAGNET UP
1777387986,10:53,SOE,HAL,SUPPORT BOUNCE
1777387987,10:53,SOE,PLD,SUPPORT BOUNCE
1777387988,10:53,SOE,NEE,SUPPORT BOUNCE
1777388052,10:54,NCP,IWM,FLOW_LEADS_DOWN
1777388075,10:54,FLOW,QQQ,MAGNET UP
1777388075,10:54,FLOW,SPY,MAGNET FADE
1777388075,10:54,FLOW,QQQ,MAGNET UP
1777388075,10:54,FLOW,QQQ,MAGNET UP
1777388075,10:54,FLOW,QQQ,MAGNET UP
1777388075,10:54,FLOW,QQQ,MAGNET UP
1777388075,10:54,FLOW,NDX,PINNING
1777388075,10:54,FLOW,NDX,PINNING
1777388137,10:55,FLOW,TSLA,MAGNET UP
1777388137,10:55,FLOW,TSLA,MAGNET UP
1777388137,10:55,FLOW,MU,MAGNET UP
1777388137,10:55,FLOW,MSFT,MAGNET UP
1777388137,10:55,FLOW,MU,MAGNET UP
1777388137,10:55,FLOW,GOOGL,MAGNET UP
1777388167,10:56,FLOW,QQQ,MAGNET UP
1777388198,10:56,FLOW,SPX,MAGNET UP
1777388198,10:56,FLOW,SPX,MAGNET UP
1777388198,10:56,FLOW,VIAV,MAGNET UP
1777388198,10:56,FLOW,ASTS,MAGNET FADE
1777388198,10:56,FLOW,SNDK,MAGNET UP
1777388291,10:58,FLOW,DECK,MAGNET UP
1777388292,10:58,SOE,PG,MAGNET BREAKOUT
1777388294,10:58,NCP,AMZN,FLOW_LEADS_UP
1777388348,10:59,FLOW,SPX,MAGNET UP
1777388348,10:59,FLOW,SPX,MAGNET UP
1777388411,11:00,FLOW,SPY,MAGNET FADE
1777388414,11:00,NCP,META,FLOW_LEADS_UP
1777388442,11:00,FLOW,QQQ,MAGNET UP
1777388442,11:00,FLOW,QQQ,MAGNET UP
1777388442,11:00,FLOW,QQQ,MAGNET UP
1777388442,11:00,FLOW,SPY,MAGNET FADE
1777388442,11:00,FLOW,QQQ,MAGNET UP
1777388442,11:00,FLOW,NDX,PINNING
1777388442,11:00,FLOW,NDX,PINNING
1777388442,11:00,FLOW,SPY,MAGNET FADE
1777388442,11:00,FLOW,QQQ,MAGNET UP
1777388473,11:01,FLOW,NVDA,MAGNET UP
1777388473,11:01,FLOW,NVDA,MAGNET UP
1777388473,11:01,FLOW,NVDA,MAGNET UP
1777388475,11:01,NCP,MSFT,FLOW_LEADS_UP
1777388530,11:02,FLOW,AMD,MAGNET UP
1777388530,11:02,FLOW,TSLA,MAGNET UP
1777388530,11:02,FLOW,AMZN,PINNING
1777388530,11:02,FLOW,TSLA,MAGNET UP
1777388530,11:02,FLOW,TSLA,MAGNET UP
1777388530,11:02,FLOW,META,MAGNET UP
1777388560,11:02,FLOW,SMH,MAGNET FADE
1777388560,11:02,FLOW,SMH,MAGNET FADE
1777388560,11:02,FLOW,UBER,MAGNET UP
1777388591,11:03,FLOW,SPX,MAGNET UP
1777388591,11:03,FLOW,GFS,SUPPORT
1777388591,11:03,FLOW,SPX,MAGNET UP
1777388595,11:03,NCP,QQQ,FLOW_LEADS_DOWN
1777388598,11:03,SOE,PANW,MAGNET BREAKOUT
1777388678,11:04,FLOW,CMG,MAGNET FADE
1777388706,11:05,FLOW,QQQ,MAGNET UP
1777388828,11:07,FLOW,SPY,MAGNET FADE
1777388828,11:07,FLOW,QQQ,MAGNET UP
1777388828,11:07,FLOW,QQQ,MAGNET UP
1777388884,11:08,FLOW,NDX,PINNING
1777388885,11:08,FLOW,AAPL,MAGNET UP
1777388885,11:08,FLOW,TSLA,MAGNET UP
1777388885,11:08,FLOW,VIX,MAGNET FADE
1777388885,11:08,FLOW,AMD,MAGNET UP
1777388885,11:08,FLOW,NVDA,MAGNET UP
1777388885,11:08,FLOW,NVDA,MAGNET UP
1777388885,11:08,FLOW,COIN,MAGNET UP
1777388885,11:08,FLOW,META,MAGNET UP
1777388885,11:08,FLOW,PLTR,MAGNET UP
1777388885,11:08,FLOW,NDX,PINNING
1777388885,11:08,FLOW,AVGO,MAGNET UP
1777388885,11:08,FLOW,PLTR,MAGNET UP
1777388885,11:08,FLOW,AAPL,MAGNET UP
1777388904,11:08,SOE,TFC,MAGNET BREAKOUT
1777388970,11:09,FLOW,MSTR,MAGNET UP
1777388970,11:09,FLOW,CIFR,MAGNET UP
1777388970,11:09,FLOW,CIFR,MAGNET UP
1777389052,11:10,FLOW,DECK,MAGNET UP
1777389052,11:10,FLOW,SPOT,MAGNET FADE
1777389192,11:13,FLOW,NVDA,MAGNET UP
1777389192,11:13,FLOW,SPY,MAGNET FADE
1777389192,11:13,FLOW,AVGO,MAGNET UP
1777389192,11:13,FLOW,TSLA,MAGNET UP
1777389192,11:13,FLOW,UNH,MAGNET UP
1777389273,11:14,FLOW,MU,MAGNET UP
1777389273,11:14,FLOW,MU,MAGNET UP
1777389304,11:15,FLOW,SMH,MAGNET FADE
1777389304,11:15,FLOW,HOOD,MAGNET UP
1777389304,11:15,FLOW,SMH,MAGNET FADE
1777389331,11:15,FLOW,TSLA,MAGNET UP
1777389386,11:16,FLOW,TGT,MAGNET UP
1777389525,11:18,FLOW,QQQ,MAGNET UP
1777389525,11:18,FLOW,IWM,MAGNET FADE
1777389525,11:18,FLOW,SPY,MAGNET FADE
1777389525,11:18,FLOW,QQQ,MAGNET UP
1777389554,11:19,SETUP,NUE,MAGNET UP
1777389606,11:20,FLOW,KO,PINNING
1777389606,11:20,FLOW,WMT,MAGNET UP
1777389637,11:20,FLOW,IREN,MAGNET UP
1777389637,11:20,FLOW,VIAV,MAGNET UP
1777389637,11:20,FLOW,IREN,MAGNET UP
1777389661,11:21,FLOW,AAPL,MAGNET UP
1777389749,11:22,FLOW,SPX,MAGNET UP
1777389749,11:22,FLOW,SPX,MAGNET UP
1777389859,11:24,FLOW,QQQ,MAGNET UP
1777389859,11:24,FLOW,QQQ,MAGNET UP
1777389859,11:24,FLOW,QQQ,MAGNET UP
1777389859,11:24,FLOW,QQQ,MAGNET UP
1777389859,11:24,FLOW,IWM,MAGNET FADE
1777389859,11:24,FLOW,QQQ,MAGNET UP
1777389860,11:24,FLOW,NDX,PINNING
1777389860,11:24,FLOW,SPY,MAGNET FADE
1777389946,11:25,FLOW,AMZN,PINNING
1777389946,11:25,FLOW,BAC,MAGNET UP
1777389977,11:26,FLOW,SOXX,SUPPORT FADE
1777389977,11:26,FLOW,TSM,MAGNET UP
1777389977,11:26,FLOW,SMH,MAGNET FADE
1777389977,11:26,FLOW,ARM,MAGNET UP
1777390145,11:29,NCP,SPX,FLOW_LEADS_UP
1777390234,11:30,FLOW,SPY,MAGNET FADE
1777390234,11:30,FLOW,SPY,MAGNET FADE
1777390234,11:30,FLOW,SPY,MAGNET FADE
1777390234,11:30,FLOW,QQQ,MAGNET UP
1777390234,11:30,FLOW,SPY,MAGNET FADE
1777390235,11:30,FLOW,SPY,MAGNET FADE
1777390285,11:31,FLOW,SPY,MAGNET FADE
1777390285,11:31,FLOW,NVDA,MAGNET UP
1777390285,11:31,FLOW,QQQ,MAGNET UP
1777390285,11:31,FLOW,TSLA,MAGNET UP
1777390285,11:31,FLOW,INTC,MAGNET UP
1777390285,11:31,FLOW,TSLA,MAGNET UP
1777390285,11:31,FLOW,AAPL,MAGNET UP
1777390285,11:31,FLOW,MSFT,MAGNET UP
1777390315,11:31,FLOW,STX,MAGNET UP
1777390377,11:32,FLOW,MSTR,MAGNET UP
1777390377,11:32,FLOW,OKLO,MAGNET UP
1777390377,11:32,FLOW,NBIS,MAGNET FADE
1777390438,11:33,FLOW,SPX,MAGNET FADE
1777390438,11:33,FLOW,SPX,MAGNET FADE
1777390554,11:35,FLOW,SPX,MAGNET FADE
1777390643,11:37,FLOW,QQQ,MAGNET UP
1777390643,11:37,FLOW,QQQ,MAGNET UP
1777390643,11:37,FLOW,META,MAGNET UP
1777390643,11:37,FLOW,SPY,MAGNET FADE
1777390643,11:37,FLOW,AVGO,MAGNET UP
1777390643,11:37,FLOW,NVDA,MAGNET UP
1777390643,11:37,FLOW,MSFT,MAGNET UP
1777390674,11:37,FLOW,MU,MAGNET UP
1777390674,11:37,FLOW,AMD,MAGNET UP
1777390705,11:38,FLOW,QQQ,MAGNET UP
1777390705,11:38,FLOW,SMH,MAGNET FADE
1777390736,11:38,FLOW,SPX,MAGNET FADE
1777390736,11:38,FLOW,SPX,MAGNET FADE
1777390736,11:38,FLOW,HOOD,MAGNET UP
1777390736,11:38,FLOW,RMBS,MAGNET FADE
1777390768,11:39,FLOW,QQQ,MAGNET UP
1777390859,11:40,FLOW,SPX,MAGNET FADE
1777390976,11:42,FLOW,SPY,MAGNET FADE
1777391006,11:43,FLOW,NDX,PINNING
1777391037,11:43,FLOW,TSLA,MAGNET UP
1777391037,11:43,FLOW,META,MAGNET UP
1777391070,11:44,FLOW,BABA,MAGNET UP
1777391121,11:45,FLOW,EW,MAGNET UP
1777391121,11:45,FLOW,NBIS,MAGNET FADE
1777391122,11:45,SOE,NUE,MAGNET BREAKOUT
1777391129,11:45,NCP,QQQ,FLOW_LEADS_DOWN
1777391178,11:46,FLOW,SPX,MAGNET FADE
1777391209,11:46,FLOW,SPOT,MAGNET FADE
1777391321,11:48,FLOW,QQQ,MAGNET UP
1777391321,11:48,FLOW,QQQ,MAGNET UP
1777391321,11:48,FLOW,QQQ,MAGNET UP
1777391321,11:48,FLOW,SPY,MAGNET FADE
1777391352,11:49,FLOW,META,MAGNET UP
1777391405,11:50,FLOW,TSLA,MAGNET UP
1777391405,11:50,FLOW,QCOM,MAGNET UP
1777391425,11:50,SOE,FTNT,POST BOTTOM LAUNCH
1777391425,11:50,SOE,PVH,POST BOTTOM LAUNCH
1777391435,11:50,FLOW,U,MAGNET UP
1777391435,11:50,FLOW,ARM,MAGNET UP
1777391435,11:50,FLOW,SPX,MAGNET FADE
1777391518,11:51,FLOW,VLO,PINNING
1777391518,11:51,FLOW,TSLA,MAGNET UP
1777391518,11:51,FLOW,SPY,MAGNET FADE
1777391518,11:51,FLOW,MAR,SUPPORT
1777391548,11:52,FLOW,BBY,MAGNET FADE
1777391662,11:54,FLOW,SPY,MAGNET FADE
1777391724,11:55,FLOW,MU,MAGNET UP
1777391724,11:55,FLOW,NVDA,MAGNET UP
1777391724,11:55,FLOW,NDX,PINNING
1777391757,11:55,NCP,SPY,FLOW_LEADS_DOWN
1777391789,11:56,FLOW,GLW,MAGNET UP
1777391908,11:58,FLOW,ZM,MAGNET UP
1777392062,12:01,SOE,IWM,DIRECTIONAL
1777392063,12:01,SOE,PG,MAGNET BREAKOUT
1777392063,12:01,SOE,WMT,POST BOTTOM LAUNCH
1777392063,12:01,SOE,DIA,POST BOTTOM LAUNCH
1777392063,12:01,SOE,JPM,MAGNET BREAKOUT
1777392063,12:01,SOE,GOOG,POST BOTTOM LAUNCH
1777392063,12:01,SOE,UNH,MAGNET BREAKOUT
1777392064,12:01,SOE,HAL,SUPPORT BOUNCE
1777392065,12:01,SOE,CVS,SUPPORT BOUNCE
1777392066,12:01,SOE,IONQ,MAGNET BREAKOUT
1777392066,12:01,SOE,NUE,MAGNET BREAKOUT
1777392079,12:01,FLOW,GLD,MAGNET UP
1777392079,12:01,FLOW,QQQ,MAGNET UP
1777392079,12:01,FLOW,QQQ,MAGNET UP
1777392079,12:01,FLOW,SPY,MAGNET FADE
1777392110,12:01,FLOW,META,MAGNET UP
1777392110,12:01,FLOW,UNH,MAGNET UP
1777392110,12:01,FLOW,UNH,MAGNET UP
1777392166,12:02,FLOW,TXN,SUPPORT
1777392262,12:04,FLOW,ABBV,MAGNET FADE
1777392369,12:06,SOE,NOW,MAGNET BREAKOUT
1777392369,12:06,SOE,PANW,MAGNET BREAKOUT
1777392369,12:06,SOE,TFC,MAGNET BREAKOUT
1777392370,12:06,SOE,NEE,SUPPORT BOUNCE
1777392463,12:07,FLOW,SPY,MAGNET FADE
1777392463,12:07,FLOW,SPY,MAGNET FADE
1777392463,12:07,FLOW,SPY,MAGNET FADE
1777392463,12:07,FLOW,GLD,MAGNET UP
1777392463,12:07,FLOW,QQQ,MAGNET UP
1777392463,12:07,FLOW,QQQ,MAGNET UP
1777392463,12:07,FLOW,SPY,MAGNET FADE
1777392463,12:07,FLOW,GLD,MAGNET UP
1777392463,12:07,FLOW,SPY,MAGNET FADE
1777392494,12:08,FLOW,META,MAGNET UP
1777392494,12:08,FLOW,UNH,MAGNET UP
1777392524,12:08,FLOW,SPX,MAGNET FADE
1777392524,12:08,FLOW,SPX,MAGNET FADE
1777392616,12:10,FLOW,SOFI,MAGNET UP
1777392678,12:11,SOE,USO,PINNING PREMIUM SELL
1777392678,12:11,FLOW,DRAM,MAGNET UP
1777392678,12:11,SOE,QQQ,MAGNET BREAKOUT
1777392679,12:11,SOE,JD,POST BOTTOM LAUNCH
1777392857,12:14,FLOW,QQQ,MAGNET UP
1777392857,12:14,FLOW,QQQ,MAGNET UP
1777392857,12:14,FLOW,UNH,MAGNET UP
1777392857,12:14,FLOW,QQQ,MAGNET UP
1777392857,12:14,FLOW,SPY,MAGNET FADE
1777392944,12:15,FLOW,SPX,MAGNET FADE
1777392944,12:15,FLOW,SPX,MAGNET FADE
1777393007,12:16,SOE,U,PINNING PREMIUM SELL
1777393198,12:19,FLOW,USO,MAGNET UP
1777393198,12:19,FLOW,NVDA,MAGNET UP
1777393286,12:21,FLOW,TME,MAGNET FADE
1777393310,12:21,SOE,PLD,SUPPORT BOUNCE
1777393522,12:25,FLOW,SPX,MAGNET FADE
1777393553,12:25,FLOW,QQQ,MAGNET UP
1777393554,12:25,FLOW,SPY,MAGNET FADE
1777393554,12:25,FLOW,GLD,MAGNET UP
1777393554,12:25,FLOW,AMZN,PINNING
1777393554,12:25,FLOW,QQQ,MAGNET UP
1777393554,12:25,FLOW,GLD,MAGNET UP
1777393554,12:25,FLOW,UNH,MAGNET UP
1777393637,12:27,SOE,FTNT,POST BOTTOM LAUNCH
1777393638,12:27,FLOW,TSM,MAGNET UP
1777393692,12:28,FLOW,HOOD,MAGNET UP
1777393915,12:31,FLOW,MSFT,MAGNET UP
1777393915,12:31,FLOW,QQQ,MAGNET UP
1777393915,12:31,FLOW,MSFT,MAGNET UP
1777393915,12:31,FLOW,MSFT,MAGNET UP
1777393915,12:31,FLOW,MSFT,MAGNET UP
1777393939,12:32,SOE,PSA,POST BOTTOM LAUNCH
1777393946,12:32,FLOW,GOOGL,MAGNET UP
1777393946,12:32,FLOW,TSLA,MAGNET UP
1777393946,12:32,FLOW,TSLA,MAGNET UP
1777393946,12:32,FLOW,MU,MAGNET UP
1777394024,12:33,FLOW,IREN,MAGNET UP
1777394164,12:36,FLOW,SPX,MAGNET FADE
1777394164,12:36,FLOW,SPX,MAGNET FADE
1777394164,12:36,FLOW,SPX,MAGNET FADE
1777394243,12:37,FLOW,IWM,MAGNET FADE
1777394243,12:37,FLOW,IWM,MAGNET FADE
1777394243,12:37,FLOW,IWM,MAGNET FADE
1777394243,12:37,FLOW,SPY,MAGNET FADE
1777394243,12:37,FLOW,NDX,PINNING
1777394260,12:37,SOE,PVH,POST BOTTOM LAUNCH
1777394261,12:37,SETUP,YELP,MAGNET UP
1777394274,12:37,FLOW,GOOG,MAGNET UP
1777394274,12:37,FLOW,UNH,MAGNET UP
1777394274,12:37,FLOW,GOOGL,MAGNET UP
1777394274,12:37,FLOW,GOOGL,MAGNET UP
1777394274,12:37,FLOW,NVDA,MAGNET UP
1777394274,12:37,FLOW,NVDA,MAGNET UP
1777394304,12:38,FLOW,AMAT,MAGNET UP
1777394353,12:39,FLOW,RMBS,MAGNET UP
1777394353,12:39,FLOW,HOOD,MAGNET UP
1777394353,12:39,FLOW,HOOD,MAGNET UP
1777394353,12:39,FLOW,RMBS,MAGNET UP
1777394384,12:39,FLOW,BA,MAGNET UP
1777394462,12:41,FLOW,SPX,MAGNET FADE
1777394585,12:43,SOE,SPX,DIRECTIONAL
1777394602,12:43,FLOW,QQQ,MAGNET UP
1777394602,12:43,FLOW,SPY,MAGNET FADE
1777394603,12:43,FLOW,MU,MAGNET UP
1777394603,12:43,FLOW,AMD,MAGNET UP
1777394603,12:43,FLOW,MSFT,MAGNET UP
1777394603,12:43,FLOW,MU,MAGNET UP
1777394603,12:43,FLOW,TSLA,MAGNET UP
1777394714,12:45,FLOW,SPX,MAGNET FADE
1777394714,12:45,FLOW,ENPH,MAGNET UP
1777394714,12:45,FLOW,SPX,MAGNET FADE
1777394795,12:46,FLOW,TWLO,MAGNET UP
1777394856,12:47,FLOW,SPX,MAGNET FADE
1777394934,12:48,FLOW,QQQ,MAGNET UP
1777394934,12:48,FLOW,QQQ,MAGNET UP
1777394934,12:48,FLOW,MSFT,MAGNET UP
1777394934,12:48,FLOW,IWM,MAGNET FADE
1777394934,12:48,FLOW,GOOG,MAGNET UP
1777394934,12:48,FLOW,GOOGL,MAGNET UP
1777394934,12:48,FLOW,META,MAGNET UP
1777394934,12:48,FLOW,NFLX,MAGNET UP
1777395014,12:50,FLOW,SPY,MAGNET FADE
1777395015,12:50,FLOW,CRDO,MAGNET UP
1777395133,12:52,FLOW,SO,MAGNET UP
1777395297,12:54,FLOW,QQQ,MAGNET UP
1777395297,12:54,FLOW,SPY,MAGNET FADE
1777395297,12:54,FLOW,SPY,MAGNET FADE
1777395297,12:54,FLOW,MSFT,MAGNET UP
1777395297,12:54,FLOW,NDX,PINNING
1777395297,12:54,FLOW,NVDA,MAGNET UP
1777395297,12:54,FLOW,NVDA,MAGNET UP
1777395297,12:54,FLOW,NVDA,MAGNET UP
1777395352,12:55,FLOW,MU,MAGNET UP
1777395352,12:55,FLOW,MU,MAGNET UP
1777395352,12:55,FLOW,MU,MAGNET UP
1777395607,13:00,FLOW,USO,MAGNET UP
1777395607,13:00,FLOW,MSFT,MAGNET UP
1777395607,13:00,FLOW,NVDA,MAGNET UP
1777395607,13:00,FLOW,MSFT,MAGNET UP
1777395607,13:00,FLOW,SPY,MAGNET FADE
1777395638,13:00,FLOW,AMZN,PINNING
1777395691,13:01,FLOW,MU,MAGNET UP
1777395691,13:01,FLOW,MU,MAGNET UP
1777395721,13:02,FLOW,SMH,MAGNET FADE
1777395721,13:02,FLOW,RMBS,MAGNET UP
1777395777,13:02,NCP,SPX,FLOW_LEADS_UP
1777395807,13:03,FLOW,SBUX,MAGNET UP
1777396031,13:07,FLOW,IWM,MAGNET FADE
1777396031,13:07,FLOW,SPY,MAGNET FADE
1777396031,13:07,FLOW,QQQ,MAGNET UP
1777396031,13:07,FLOW,GLD,MAGNET UP
1777396031,13:07,FLOW,NVDA,MAGNET UP
1777396062,13:07,FLOW,TSLA,MAGNET UP
1777396062,13:07,FLOW,AMD,MAGNET UP
1777396062,13:07,FLOW,SNDK,MAGNET UP
1777396062,13:07,FLOW,TSLA,MAGNET UP
1777396062,13:07,FLOW,UNH,MAGNET UP
1777396147,13:09,FLOW,NBIS,MAGNET FADE
1777396238,13:10,FLOW,SPX,MAGNET FADE
1777396343,13:12,NCP,QQQ,FLOW_LEADS_DOWN
1777396381,13:13,FLOW,SPY,MAGNET FADE
1777396381,13:13,FLOW,QQQ,MAGNET UP
1777396381,13:13,FLOW,QQQ,MAGNET UP
1777396381,13:13,FLOW,SPY,MAGNET FADE
1777396432,13:13,FLOW,AVGO,MAGNET UP
1777396432,13:13,FLOW,MSFT,MAGNET UP
1777396432,13:13,FLOW,GLD,MAGNET UP
1777396432,13:13,FLOW,WMT,MAGNET UP
1777396487,13:14,FLOW,SMH,MAGNET FADE
1777396517,13:15,FLOW,SBUX,MAGNET UP
1777396517,13:15,FLOW,MS,MAGNET UP
1777396599,13:16,FLOW,PLD,SUPPORT
1777396740,13:19,FLOW,MSFT,MAGNET UP
1777396740,13:19,FLOW,NVDA,MAGNET UP
1777396740,13:19,FLOW,ORCL,MAGNET UP
1777396740,13:19,FLOW,TSLA,MAGNET UP
1777396740,13:19,FLOW,SPY,MAGNET FADE
1777396881,13:21,FLOW,SPY,MAGNET FADE
1777396996,13:23,FLOW,NVDA,MAGNET UP
1777397077,13:24,FLOW,NVDA,MAGNET UP
1777397077,13:24,FLOW,SPY,MAGNET FADE
1777397077,13:24,FLOW,NVDA,MAGNET UP
1777397251,13:27,FLOW,LCID,MAGNET UP
1777397426,13:30,SOE,CRWD,MAGNET BREAKOUT
1777397429,13:30,FLOW,SLV,MAGNET UP
1777397429,13:30,FLOW,MSFT,MAGNET UP
1777397429,13:30,FLOW,TSLA,MAGNET UP
1777397429,13:30,FLOW,TSLA,MAGNET UP
1777397429,13:30,FLOW,SPY,MAGNET FADE
1777397429,13:30,FLOW,NVDA,MAGNET UP
1777397429,13:30,FLOW,NDX,PINNING
1777397429,13:30,FLOW,IWM,MAGNET FADE
1777397516,13:31,FLOW,ANET,MAGNET UP
1777397516,13:31,FLOW,VRT,MAGNET FADE
1777397516,13:31,FLOW,ANET,MAGNET UP
1777397516,13:31,FLOW,LITE,MAGNET FADE
1777397608,13:33,FLOW,ETSY,MAGNET UP
1777397750,13:35,FLOW,SPY,MAGNET FADE
1777397761,13:36,SETUP,AMZN,MAGNET UP
1777397761,13:36,SETUP,ANET,MAGNET UP
1777397761,13:36,SETUP,NVDA,MAGNET UP
1777397761,13:36,SETUP,GOOGL,MAGNET UP
1777397761,13:36,SETUP,ARM,MAGNET UP
1777397761,13:36,SETUP,SNDK,MAGNET UP
1777397761,13:36,SETUP,NET,MAGNET UP
1777397761,13:36,SETUP,CRWD,MAGNET UP
1777397761,13:36,SETUP,PANW,MAGNET UP
1777397761,13:36,SETUP,GEV,MAGNET UP
1777397761,13:36,SETUP,META,MAGNET UP
1777397761,13:36,SETUP,IBIT,MAGNET UP
1777397807,13:36,FLOW,NVDA,MAGNET UP
1777397837,13:37,FLOW,INTC,MAGNET UP
1777397837,13:37,FLOW,GOOGL,MAGNET UP
1777397837,13:37,FLOW,AMZN,MAGNET UP
1777397837,13:37,FLOW,AMZN,MAGNET UP
1777397838,13:37,FLOW,MU,MAGNET UP
1777397838,13:37,FLOW,MU,MAGNET UP
1777397838,13:37,FLOW,MU,MAGNET UP
1777397838,13:37,FLOW,MU,MAGNET UP
1777397838,13:37,FLOW,WMT,MAGNET UP
1777397838,13:37,FLOW,MU,MAGNET UP
1777397838,13:37,FLOW,SNDK,MAGNET UP
1777397838,13:37,FLOW,MU,MAGNET UP
1777397838,13:37,FLOW,MU,MAGNET UP
1777397838,13:37,FLOW,INTC,MAGNET UP
1777397868,13:37,FLOW,SMH,MAGNET FADE
1777397920,13:38,FLOW,ZS,MAGNET UP
1777397920,13:38,FLOW,IBM,MAGNET UP
1777397950,13:39,FLOW,CVS,SUPPORT
1777398064,13:41,SOE,SCHW,POST BOTTOM LAUNCH
1777398065,13:41,SETUP,MRVL,MAGNET UP
1777398124,13:42,FLOW,IWM,MAGNET FADE
1777398124,13:42,FLOW,IWM,MAGNET FADE
1777398124,13:42,FLOW,QQQ,MAGNET UP
1777398154,13:42,FLOW,GOOG,MAGNET UP
1777398154,13:42,FLOW,GOOGL,MAGNET UP
1777398154,13:42,SOE,QQQ,SCALP_EMA_PULLBACK
1777398208,13:43,FLOW,MU,MAGNET UP
1777398208,13:43,FLOW,INTC,MAGNET UP
1777398208,13:43,FLOW,AVGO,MAGNET UP
1777398208,13:43,FLOW,MU,MAGNET UP
1777398239,13:43,FLOW,USAR,SUPPORT
1777398239,13:43,FLOW,ENPH,MAGNET UP
1777398239,13:43,FLOW,SPX,MAGNET FADE
1777398475,13:47,FLOW,QQQ,MAGNET UP
1777398476,13:47,FLOW,NDX,PINNING
1777398476,13:47,FLOW,GLD,MAGNET UP
1777398521,13:48,NCP,SPX,FLOW_LEADS_DOWN
1777398563,13:49,FLOW,AMD,MAGNET UP
1777398563,13:49,FLOW,SMH,MAGNET FADE
1777398563,13:49,FLOW,AMD,MAGNET UP
1777398563,13:49,FLOW,QCOM,MAGNET UP
1777398696,13:51,SETUP,ETSY,MAGNET UP
1777398826,13:53,FLOW,SPX,MAGNET FADE
1777398826,13:53,FLOW,AMZN,MAGNET UP
1777398826,13:53,FLOW,IWM,MAGNET FADE
1777398856,13:54,FLOW,TSLA,MAGNET UP
1777398856,13:54,FLOW,TSLA,MAGNET UP
1777398914,13:55,FLOW,MU,MAGNET UP
1777398914,13:55,FLOW,SNDK,MAGNET UP
1777398946,13:55,FLOW,SPX,MAGNET FADE
1777398946,13:55,FLOW,MSTR,MAGNET UP
1777399091,13:58,FLOW,SPY,MAGNET FADE
1777399091,13:58,FLOW,SPY,MAGNET FADE
1777399093,13:58,FLOW,SPX,MAGNET FADE
1777399181,13:59,FLOW,SPY,MAGNET FADE
1777399181,13:59,FLOW,SPY,MAGNET FADE
1777399181,13:59,FLOW,SPY,MAGNET FADE
1777399181,13:59,FLOW,TSLA,MAGNET UP
1777399181,13:59,FLOW,GOOG,MAGNET UP
1777399181,13:59,FLOW,NVDA,MAGNET UP
1777399212,14:00,SOE,QQQ,SCALP_BUY_DIP
1777399242,14:00,FLOW,SMH,MAGNET FADE
1777399300,14:01,SOE,IWM,DIRECTIONAL
1777399300,14:01,SOE,DIA,POST BOTTOM LAUNCH
1777399300,14:01,SOE,USO,PINNING PREMIUM SELL
1777399303,14:01,FLOW,RMBS,MAGNET UP
1777399303,14:01,FLOW,RMBS,MAGNET UP
1777399304,14:01,SOE,JPM,MAGNET BREAKOUT
1777399304,14:01,SOE,UNH,MAGNET BREAKOUT
1777399304,14:01,SOE,GOOG,POST BOTTOM LAUNCH
1777399304,14:01,SOE,NOW,MAGNET BREAKOUT
1777399304,14:01,SOE,PANW,MAGNET BREAKOUT
1777399304,14:01,SOE,CRWD,MAGNET BREAKOUT
1777399304,14:01,SOE,WMT,MAGNET BREAKOUT
1777399305,14:01,SOE,HAL,SUPPORT BOUNCE
1777399335,14:02,SOE,CVS,SUPPORT BOUNCE
1777399336,14:02,SOE,PLD,SUPPORT BOUNCE
1777399336,14:02,SOE,NEE,SUPPORT BOUNCE
1777399337,14:02,SOE,FTNT,POST BOTTOM LAUNCH
1777399337,14:02,SOE,IONQ,MAGNET BREAKOUT
1777399337,14:02,SOE,PVH,POST BOTTOM LAUNCH
1777399338,14:02,SETUP,AVGO,MAGNET UP
1777399338,14:02,SETUP,GOOG,MAGNET UP
1777399338,14:02,SETUP,MU,MAGNET UP
1777399338,14:02,SETUP,TSM,MAGNET UP
1777399338,14:02,SETUP,KLAC,MAGNET UP
1777399338,14:02,SETUP,PYPL,MAGNET UP
1777399338,14:02,SETUP,AXTI,SUPPORT
1777399338,14:02,SETUP,BKSY,MAGNET UP
1777399338,14:02,SETUP,UUUU,MAGNET UP
1777399338,14:02,SETUP,STM,MAGNET UP
1777399338,14:02,SETUP,PVH,MAGNET UP
1777399338,14:02,SETUP,MSTR,MAGNET UP
1777399338,14:02,SETUP,TWLO,MAGNET UP
1777399338,14:02,SETUP,MTCH,MAGNET UP
1777399338,14:02,SETUP,COIN,MAGNET UP
1777399338,14:02,SETUP,ORCL,MAGNET UP
1777399338,14:02,SETUP,MCHP,MAGNET UP
1777399338,14:02,SETUP,TER,MAGNET UP
1777399338,14:02,SETUP,NSC,MAGNET UP
1777399338,14:02,SETUP,ENTG,MAGNET UP
1777399338,14:02,SETUP,ABNB,MAGNET UP
1777399338,14:02,SETUP,RKLB,MAGNET UP
1777399338,14:02,SETUP,OKLO,MAGNET UP
1777399365,14:02,FLOW,BBY,MAGNET FADE
1777399365,14:02,FLOW,BBY,MAGNET FADE
1777399395,14:03,FLOW,CLF,SUPPORT
1777399573,14:06,FLOW,NDX,PINNING
1777399574,14:06,FLOW,AMZN,MAGNET UP
1777399574,14:06,FLOW,IBIT,MAGNET UP
1777399574,14:06,FLOW,AMZN,MAGNET UP
1777399574,14:06,FLOW,META,MAGNET UP
1777399574,14:06,FLOW,NVDA,MAGNET UP
1777399574,14:06,FLOW,NVDA,MAGNET UP
1777399574,14:06,FLOW,NVDA,MAGNET UP
1777399606,14:06,FLOW,MU,MAGNET UP
1777399647,14:07,SETUP,AEHR,MAGNET UP
1777399672,14:07,FLOW,NBIS,MAGNET FADE
1777399760,14:09,FLOW,SPX,MAGNET FADE
1777399909,14:11,FLOW,SPX,MAGNET FADE
1777399909,14:11,FLOW,SPX,MAGNET FADE
1777399937,14:12,FLOW,QQQ,MAGNET UP
1777399996,14:13,FLOW,PLTR,MAGNET UP
1777399996,14:13,FLOW,NVDA,MAGNET UP
1777399996,14:13,FLOW,GOOGL,MAGNET UP
1777400113,14:15,FLOW,SCHW,MAGNET UP
1777400122,14:15,NCP,META,FLOW_LEADS_UP
1777400145,14:15,FLOW,DG,MAGNET FADE
1777400257,14:17,SETUP,U,MAGNET UP
1777400324,14:18,FLOW,NVDA,MAGNET UP
1777400324,14:18,FLOW,NVDA,MAGNET UP
1777400324,14:18,FLOW,INTC,MAGNET UP
1777400324,14:18,FLOW,NFLX,MAGNET UP
1777400324,14:18,FLOW,AMD,MAGNET UP
1777400324,14:18,FLOW,TSLA,MAGNET UP
1777400324,14:18,FLOW,NFLX,MAGNET UP
1777400324,14:18,FLOW,SPX,MAGNET FADE
1777400324,14:18,FLOW,META,MAGNET UP
1777400413,14:20,FLOW,STX,MAGNET UP
1777400413,14:20,FLOW,SNDK,MAGNET UP
1777400443,14:20,FLOW,SPX,MAGNET FADE
1777400443,14:20,FLOW,SPX,MAGNET FADE
1777400530,14:22,FLOW,BE,MAGNET UP
1777400558,14:22,SOE,QQQ,MAGNET BREAKOUT
1777400558,14:22,SOE,PG,POST BOTTOM LAUNCH
1777400559,14:22,SETUP,ADI,MAGNET UP
1777400559,14:22,SETUP,CRWV,MAGNET UP
1777400645,14:24,FLOW,NVDA,MAGNET UP
1777400703,14:25,FLOW,QQQ,MAGNET UP
1777400703,14:25,FLOW,QQQ,MAGNET UP
1777400703,14:25,FLOW,SPY,MAGNET FADE
1777400703,14:25,FLOW,TSLA,MAGNET UP
1777400703,14:25,FLOW,SPY,MAGNET FADE
1777400703,14:25,FLOW,NVDA,MAGNET UP
1777400881,14:28,FLOW,NUE,MAGNET UP
1777400888,14:28,SETUP,HAL,MAGNET UP
1777400888,14:28,SOE,NUE,POST BOTTOM LAUNCH
1777401024,14:30,FLOW,GLD,MAGNET UP
1777401024,14:30,FLOW,NVDA,MAGNET UP
1777401024,14:30,FLOW,NVDA,MAGNET UP
1777401024,14:30,FLOW,NVDA,MAGNET UP
1777401024,14:30,FLOW,NVDA,MAGNET UP
1777401024,14:30,FLOW,TSLA,MAGNET UP
1777401024,14:30,FLOW,TSLA,MAGNET UP
1777401024,14:30,FLOW,NDX,SUPPORT
1777401085,14:31,FLOW,INTC,MAGNET UP
1777401085,14:31,FLOW,INTC,MAGNET UP
1777401085,14:31,FLOW,AMD,MAGNET UP
1777401145,14:32,FLOW,SPX,DANGER
1777401145,14:32,FLOW,ASTS,MAGNET FADE
1777401191,14:33,SETUP,APLD,MAGNET UP
1777401267,14:34,FLOW,SPX,DANGER
1777401268,14:34,FLOW,ROKU,SUPPORT
1777401268,14:34,FLOW,SPOT,MAGNET FADE
1777401386,14:36,FLOW,NVDA,MAGNET UP
1777401386,14:36,FLOW,NDX,PINNING
1777401474,14:37,FLOW,TSLA,MAGNET UP
1777401474,14:37,FLOW,MU,MAGNET UP
1777401474,14:37,FLOW,TSLA,MAGNET UP
1777401474,14:37,FLOW,MU,MAGNET UP
1777401475,14:37,FLOW,MU,MAGNET UP
1777401475,14:37,FLOW,QCOM,MAGNET UP
1777401497,14:38,SETUP,UCTT,MAGNET UP
1777401497,14:38,SETUP,XYZ,MAGNET UP
1777401505,14:38,FLOW,ARM,MAGNET UP
1777401505,14:38,FLOW,SMH,MAGNET FADE
1777401505,14:38,FLOW,AMKR,MAGNET FADE
1777401505,14:38,FLOW,SMH,MAGNET FADE
1777401715,14:41,FLOW,MSFT,MAGNET UP
1777401745,14:42,FLOW,SPY,MAGNET FADE
1777401745,14:42,FLOW,QQQ,MAGNET UP
1777401777,14:42,FLOW,NDX,SUPPORT
1777401804,14:43,SETUP,UNP,MAGNET UP
1777401808,14:43,FLOW,NVDA,MAGNET UP
1777401808,14:43,FLOW,NVDA,MAGNET UP
1777401808,14:43,FLOW,NVDA,MAGNET UP
1777401808,14:43,FLOW,NVDA,MAGNET UP
1777401808,14:43,FLOW,NVDA,MAGNET UP
1777401808,14:43,FLOW,META,MAGNET UP
1777401808,14:43,FLOW,NVDA,MAGNET UP
1777401871,14:44,FLOW,GLW,MAGNET UP
1777401926,14:45,NCP,SPX,FLOW_LEADS_DOWN
1777401959,14:45,FLOW,HUT,MAGNET FADE
1777401990,14:46,FLOW,SPOT,MAGNET FADE
1777401990,14:46,FLOW,SPOT,MAGNET FADE
1777402139,14:48,SOE,RUN,SUPPORT BOUNCE
1777402286,14:51,FLOW,QQQ,MAGNET UP
1777402286,14:51,FLOW,GOOG,MAGNET UP
1777402286,14:51,FLOW,TSLA,MAGNET UP
1777402286,14:51,FLOW,NVDA,MAGNET UP
1777402286,14:51,FLOW,IWM,MAGNET FADE
1777402286,14:51,FLOW,SPY,MAGNET FADE
1777402286,14:51,FLOW,TSLA,MAGNET UP
1777402347,14:52,FLOW,ASTS,MAGNET FADE
1777402408,14:53,FLOW,CRWV,MAGNET UP
1777402611,14:56,FLOW,SPX,MAGNET FADE
1777402641,14:57,FLOW,QQQ,MAGNET UP
1777402641,14:57,FLOW,NDX,SUPPORT
1777402642,14:57,FLOW,NVDA,MAGNET UP
1777402642,14:57,FLOW,MSFT,MAGNET UP
1777402642,14:57,FLOW,AAPL,MAGNET UP
1777402642,14:57,FLOW,META,MAGNET UP
1777402642,14:57,FLOW,META,MAGNET UP
1777402642,14:57,FLOW,AMZN,MAGNET UP
1777402642,14:57,FLOW,PLTR,MAGNET UP
1777402703,14:58,FLOW,HOOD,MAGNET UP
1777402703,14:58,FLOW,TSM,MAGNET UP
1777402703,14:58,FLOW,TSM,MAGNET UP
1777402733,14:58,FLOW,SPX,MAGNET FADE
1777402746,14:59,SETUP,MS,MAGNET UP
1777403026,15:03,FLOW,NVDA,MAGNET UP
1777403026,15:03,FLOW,QQQ,MAGNET UP
1777403026,15:03,FLOW,QQQ,MAGNET UP
1777403026,15:03,FLOW,NVDA,MAGNET UP
1777403026,15:03,FLOW,MSFT,MAGNET UP
1777403026,15:03,FLOW,SPY,MAGNET FADE
1777403027,15:03,FLOW,GOOGL,MAGNET UP
1777403027,15:03,FLOW,TSLA,MAGNET UP
1777403027,15:03,FLOW,HD,MAGNET FADE
1777403086,15:04,FLOW,SPX,MAGNET FADE
1777403086,15:04,FLOW,MU,MAGNET UP
1777403086,15:04,FLOW,SPX,MAGNET FADE
1777403086,15:04,FLOW,STX,MAGNET UP
1777403117,15:05,FLOW,OKLO,MAGNET UP
1777403117,15:05,FLOW,CRWV,MAGNET UP
1777403245,15:07,FLOW,BE,MAGNET UP
1777403308,15:08,FLOW,SPX,MAGNET FADE
1777403308,15:08,FLOW,SPX,MAGNET FADE
1777403308,15:08,FLOW,SPX,MAGNET FADE
1777403355,15:09,SETUP,PL,MAGNET UP
1777403369,15:09,FLOW,QQQ,MAGNET UP
1777403369,15:09,FLOW,NVDA,MAGNET UP
1777403369,15:09,FLOW,QQQ,MAGNET UP
1777403369,15:09,FLOW,QQQ,MAGNET UP
1777403369,15:09,FLOW,SPY,MAGNET FADE
1777403369,15:09,FLOW,QQQ,MAGNET UP
1777403369,15:09,FLOW,NVDA,MAGNET UP
1777403369,15:09,FLOW,QQQ,MAGNET UP
1777403369,15:09,FLOW,QQQ,MAGNET UP
1777403431,15:10,FLOW,SPX,MAGNET FADE
1777403431,15:10,FLOW,MU,MAGNET UP
1777403431,15:10,FLOW,NFLX,MAGNET UP
1777403495,15:11,FLOW,HOOD,MAGNET UP
1777403495,15:11,FLOW,SNDK,MAGNET UP
1777403527,15:12,NCP,SPY,FLOW_LEADS_UP
1777403558,15:12,FLOW,HUM,MAGNET UP
1777403558,15:12,FLOW,SPX,MAGNET FADE
1777403558,15:12,FLOW,HUM,MAGNET UP
1777403742,15:15,FLOW,QQQ,MAGNET UP
1777403742,15:15,FLOW,IWM,MAGNET FADE
1777403742,15:15,FLOW,SPY,MAGNET FADE
1777403742,15:15,FLOW,NDX,SUPPORT
1777403742,15:15,FLOW,NDX,SUPPORT
1777403742,15:15,FLOW,NDX,SUPPORT
1777403742,15:15,FLOW,VIX,MAGNET FADE
1777403773,15:16,FLOW,NVDA,MAGNET UP
1777403804,15:16,FLOW,KO,MAGNET UP
1777403804,15:16,FLOW,META,MAGNET UP
1777403893,15:18,FLOW,IREN,MAGNET UP
1777403966,15:19,SETUP,NUE,MAGNET UP
1777404016,15:20,NCP,SPX,FLOW_LEADS_DOWN
1777404071,15:21,FLOW,SPX,MAGNET FADE
1777404154,15:22,FLOW,TSLA,MAGNET UP
1777404154,15:22,FLOW,META,MAGNET UP
1777404154,15:22,FLOW,PLTR,MAGNET UP
1777404239,15:23,FLOW,SMH,MAGNET FADE
1777404239,15:23,FLOW,ARM,MAGNET UP
1777404239,15:23,FLOW,NOW,MAGNET UP
1777404269,15:24,SOE,SCHW,POST BOTTOM LAUNCH
1777404271,15:24,FLOW,LCID,MAGNET UP
1777404357,15:25,FLOW,SPX,DANGER
1777404474,15:27,FLOW,USO,PINNING
1777404474,15:27,FLOW,SPY,MAGNET FADE
1777404474,15:27,FLOW,IBIT,MAGNET UP
1777404474,15:27,FLOW,SPX,DANGER
1777404474,15:27,FLOW,SPY,MAGNET FADE
1777404499,15:28,NCP,QQQ,FLOW_LEADS_DOWN
1777404505,15:28,FLOW,AMZN,PINNING
1777404505,15:28,FLOW,TSLA,MAGNET UP
1777404505,15:28,FLOW,META,MAGNET UP
1777404505,15:28,FLOW,MSFT,MAGNET UP
1777404654,15:30,FLOW,RMD,MAGNET FADE
1777404684,15:31,FLOW,SPOT,MAGNET FADE
1777404832,15:33,FLOW,SPY,MAGNET FADE
1777404862,15:34,FLOW,META,MAGNET UP
1777404862,15:34,FLOW,AVGO,MAGNET UP
1777404862,15:34,FLOW,SPX,DANGER
1777404862,15:34,FLOW,META,MAGNET UP
1777404905,15:35,SETUP,MSFT,MAGNET UP
1777404925,15:35,FLOW,AMAT,MAGNET UP
1777404925,15:35,FLOW,HOOD,MAGNET UP
1777404956,15:35,FLOW,AMKR,MAGNET FADE
1777404979,15:36,NCP,SPY,FLOW_LEADS_DOWN
1777404987,15:36,FLOW,SPX,DANGER
1777405159,15:39,NCP,IWM,FLOW_LEADS_DOWN
1777405197,15:39,FLOW,QQQ,MAGNET UP
1777405197,15:39,FLOW,QQQ,MAGNET UP
1777405197,15:39,FLOW,QQQ,MAGNET UP
1777405253,15:40,FLOW,SPY,MAGNET FADE
1777405253,15:40,FLOW,ADBE,MAGNET FADE
1777405253,15:40,FLOW,AMZN,PINNING
1777405253,15:40,FLOW,SPY,MAGNET FADE
1777405283,15:41,FLOW,SPX,DANGER
1777405283,15:41,FLOW,SPX,DANGER
1777405284,15:41,FLOW,SNDK,MAGNET UP
1777405314,15:41,FLOW,NBIS,MAGNET FADE
1777405369,15:42,FLOW,HUT,MAGNET FADE
1777405370,15:42,FLOW,HUT,MAGNET FADE
1777405580,15:46,FLOW,MSFT,MAGNET UP
1777405580,15:46,FLOW,GOOGL,MAGNET UP
1777405667,15:47,FLOW,SMH,MAGNET FADE
1777405698,15:48,FLOW,SPX,DANGER
1777405729,15:48,FLOW,QQQ,MAGNET UP
1777405822,15:50,SOE,IBM,MAGNET BREAKOUT
1777405937,15:52,FLOW,NDX,SUPPORT
1777405937,15:52,FLOW,SPX,DANGER
1777406025,15:53,FLOW,TER,MAGNET UP
1777406025,15:53,FLOW,GLW,MAGNET UP
1777406025,15:53,FLOW,LITE,MAGNET FADE
1777406025,15:53,FLOW,STX,MAGNET UP
1777406025,15:53,FLOW,AMD,MAGNET UP
1777406056,15:54,FLOW,CRWV,MAGNET UP
1777406056,15:54,FLOW,CRWV,MAGNET UP
1777406116,15:55,FLOW,SPOT,MAGNET FADE
1777406230,15:57,FLOW,SPX,DANGER
1777406230,15:57,FLOW,SPX,DANGER
1777406230,15:57,FLOW,SPX,DANGER
1777406314,15:58,FLOW,MSFT,MAGNET UP
1777406314,15:58,FLOW,SPY,MAGNET FADE
1777406314,15:58,FLOW,AVGO,MAGNET UP
1777406314,15:58,FLOW,MSFT,MAGNET UP
1777406314,15:58,FLOW,NVDA,MAGNET UP
1777406314,15:58,FLOW,TSLA,MAGNET UP
1777406345,15:59,FLOW,INTC,MAGNET UP
1777406345,15:59,FLOW,MRVL,MAGNET UP
1777406394,15:59,NCP,SPX,FLOW_LEADS_UP
1777406405,16:00,FLOW,HOOD,MAGNET UP
1777406405,16:00,FLOW,SCHW,MAGNET FADE
1777406405,16:00,FLOW,HOOD,MAGNET UP
1777406405,16:00,FLOW,RMBS,MAGNET UP
1777406405,16:00,FLOW,HOOD,MAGNET UP
1777406405,16:00,FLOW,HOOD,MAGNET UP
1777406451,16:00,SOE,DIA,POST BOTTOM LAUNCH
1777406451,16:00,SOE,IWM,DIRECTIONAL
1777406451,16:00,SOE,GOOG,POST BOTTOM LAUNCH
1777406451,16:00,SOE,USO,PINNING PREMIUM SELL
1777406451,16:00,SOE,PG,POST BOTTOM LAUNCH
1777406451,16:00,SOE,UNH,MAGNET BREAKOUT
1777406451,16:00,SOE,JPM,MAGNET BREAKOUT
1777406452,16:00,SOE,WMT,POST BOTTOM LAUNCH
1777406452,16:00,SOE,IBM,MAGNET BREAKOUT
1777406452,16:00,SOE,CVS,SUPPORT BOUNCE
1777406454,16:00,SOE,NUE,POST BOTTOM LAUNCH
1777406454,16:00,SOE,NEE,SUPPORT BOUNCE
1777406493,16:01,FLOW,SBUX,MAGNET UP
1777406524,16:02,FLOW,SPX,DANGER
1777406636,16:03,FLOW,SPY,MAGNET FADE
1777406636,16:03,FLOW,NVDA,MAGNET UP
1777406636,16:03,FLOW,SPY,MAGNET FADE
1777406636,16:03,FLOW,MSFT,MAGNET UP
1777406667,16:04,FLOW,TSLA,MAGNET UP
1777406667,16:04,FLOW,TSLA,MAGNET UP
1777406723,16:05,NCP,SPY,FLOW_LEADS_DOWN
1777406753,16:05,FLOW,CRCL,MAGNET UP
1777406869,16:07,FLOW,BE,MAGNET UP
1777406988,16:09,FLOW,SPY,MAGNET FADE
1777406988,16:09,FLOW,GLD,MAGNET UP
