ticker,tod_bucket,feature,percentile,value,n_obs
QQQ,afternoon,ofi_trailing_5m,1,-143077.18,10980
QQQ,afternoon,ofi_trailing_5m,5,-88222.34999999999,10980
QQQ,afternoon,ofi_trailing_5m,10,-64931.9,10980
QQQ,afternoon,ofi_trailing_5m,25,-30736.0,10980
QQQ,afternoon,ofi_trailing_5m,50,1101.0,10980
QQQ,afternoon,ofi_trailing_5m,75,32687.5,10980
QQQ,afternoon,ofi_trailing_5m,90,65213.3,10980
QQQ,afternoon,ofi_trailing_5m,95,87598.54999999997,10980
QQQ,afternoon,ofi_trailing_5m,99,134927.67999999982,10980
QQQ,afternoon,mean_spread,1,0.012003007123236204,10980
QQQ,afternoon,mean_spread,5,0.013093173029453406,10980
QQQ,afternoon,mean_spread,10,0.014434015604942417,10980
QQQ,afternoon,mean_spread,25,0.018245913095017035,10980
QQQ,afternoon,mean_spread,50,0.02477879153100149,10980
QQQ,afternoon,mean_spread,75,0.031660303065868756,10980
QQQ,afternoon,mean_spread,90,0.040135319470336314,10980
QQQ,afternoon,mean_spread,95,0.04827195601537729,10980
QQQ,afternoon,mean_spread,99,0.0755806727201693,10980
QQQ,afternoon,mean_mp_dev,1,-0.003976934543266015,10980
QQQ,afternoon,mean_mp_dev,5,-0.0022015261424513906,10980
QQQ,afternoon,mean_mp_dev,10,-0.0016163227533240547,10980
QQQ,afternoon,mean_mp_dev,25,-0.0008159608237710469,10980
QQQ,afternoon,mean_mp_dev,50,-3.713771729503516e-05,10980
QQQ,afternoon,mean_mp_dev,75,0.0007461123739914298,10980
QQQ,afternoon,mean_mp_dev,90,0.0015345222355513776,10980
QQQ,afternoon,mean_mp_dev,95,0.0021561133823176874,10980
QQQ,afternoon,mean_mp_dev,99,0.0038562991278979736,10980
QQQ,afternoon,aggressor_ratio,1,0.08708333333333335,10980
QQQ,afternoon,aggressor_ratio,5,0.20223022920359027,10980
QQQ,afternoon,aggressor_ratio,10,0.27088746726520146,10980
QQQ,afternoon,aggressor_ratio,25,0.3881119240941414,10980
QQQ,afternoon,aggressor_ratio,50,0.5097972689528804,10980
QQQ,afternoon,aggressor_ratio,75,0.638820009937248,10980
QQQ,afternoon,aggressor_ratio,90,0.7665169532157023,10980
QQQ,afternoon,aggressor_ratio,95,0.8326375364704927,10980
QQQ,afternoon,aggressor_ratio,99,0.9399536709471407,10980
QQQ,afternoon,total_volume,1,232.79000000000002,10980
QQQ,afternoon,total_volume,5,504.9000000000001,10980
QQQ,afternoon,total_volume,10,721.0,10980
QQQ,afternoon,total_volume,25,1281.75,10980
QQQ,afternoon,total_volume,50,2244.0,10980
QQQ,afternoon,total_volume,75,3761.0,10980
QQQ,afternoon,total_volume,90,5764.300000000001,10980
QQQ,afternoon,total_volume,95,7530.0999999999985,10980
QQQ,afternoon,total_volume,99,12685.719999999972,10980
QQQ,afternoon,n_trades,1,6.0,10980
QQQ,afternoon,n_trades,5,11.0,10980
QQQ,afternoon,n_trades,10,15.0,10980
QQQ,afternoon,n_trades,25,23.0,10980
QQQ,afternoon,n_trades,50,38.0,10980
QQQ,afternoon,n_trades,75,60.0,10980
QQQ,afternoon,n_trades,90,89.0,10980
QQQ,afternoon,n_trades,95,112.0,10980
QQQ,afternoon,n_trades,99,178.0,10980
QQQ,close,ofi_trailing_5m,1,-176436.0,3661
QQQ,close,ofi_trailing_5m,5,-88142.0,3661
QQQ,close,ofi_trailing_5m,10,-64549.0,3661
QQQ,close,ofi_trailing_5m,25,-27857.0,3661
QQQ,close,ofi_trailing_5m,50,3952.0,3661
QQQ,close,ofi_trailing_5m,75,38227.0,3661
QQQ,close,ofi_trailing_5m,90,76957.0,3661
QQQ,close,ofi_trailing_5m,95,102629.0,3661
QQQ,close,ofi_trailing_5m,99,201638.40000000055,3661
QQQ,close,mean_spread,1,0.012155381799653546,3660
QQQ,close,mean_spread,5,0.013684516977295702,3660
QQQ,close,mean_spread,10,0.015358218958486452,3660
QQQ,close,mean_spread,25,0.018187387645832286,3660
QQQ,close,mean_spread,50,0.023657450749929074,3660
QQQ,close,mean_spread,75,0.029771307731548336,3660
QQQ,close,mean_spread,90,0.03727805232247678,3660
QQQ,close,mean_spread,95,0.04345632578895077,3660
QQQ,close,mean_spread,99,0.05890976643834573,3660
QQQ,close,mean_mp_dev,1,-0.0034411714269590695,3660
QQQ,close,mean_mp_dev,5,-0.0020937506966968353,3660
QQQ,close,mean_mp_dev,10,-0.0015278510953345495,3660
QQQ,close,mean_mp_dev,25,-0.0007466372337659852,3660
QQQ,close,mean_mp_dev,50,-2.8543515444107705e-05,3660
QQQ,close,mean_mp_dev,75,0.000627647297765636,3660
QQQ,close,mean_mp_dev,90,0.0012696585536283043,3660
QQQ,close,mean_mp_dev,95,0.0017356152938140265,3660
QQQ,close,mean_mp_dev,99,0.0031383730532564655,3660
QQQ,close,aggressor_ratio,1,0.15594532371129763,3660
QQQ,close,aggressor_ratio,5,0.2616279824553526,3660
QQQ,close,aggressor_ratio,10,0.321225278956797,3660
QQQ,close,aggressor_ratio,25,0.41461888716066886,3660
QQQ,close,aggressor_ratio,50,0.5158001460430662,3660
QQQ,close,aggressor_ratio,75,0.6256013612068595,3660
QQQ,close,aggressor_ratio,90,0.7261379055036221,3660
QQQ,close,aggressor_ratio,95,0.7851520731952287,3660
QQQ,close,aggressor_ratio,99,0.8871787575526834,3660
QQQ,close,total_volume,1,643.8,3661
QQQ,close,total_volume,5,1181.0,3661
QQQ,close,total_volume,10,1655.0,3661
QQQ,close,total_volume,25,2818.0,3661
QQQ,close,total_volume,50,4821.0,3661
QQQ,close,total_volume,75,8565.0,3661
QQQ,close,total_volume,90,15380.0,3661
QQQ,close,total_volume,95,22973.0,3661
QQQ,close,total_volume,99,56743.200000000084,3661
QQQ,close,n_trades,1,14.0,3661
QQQ,close,n_trades,5,22.0,3661
QQQ,close,n_trades,10,29.0,3661
QQQ,close,n_trades,25,46.0,3661
QQQ,close,n_trades,50,76.0,3661
QQQ,close,n_trades,75,128.0,3661
QQQ,close,n_trades,90,207.0,3661
QQQ,close,n_trades,95,286.0,3661
QQQ,close,n_trades,99,530.6000000000004,3661
QQQ,midday,ofi_trailing_5m,1,-142357.0,14789
QQQ,midday,ofi_trailing_5m,5,-89623.4,14789
QQQ,midday,ofi_trailing_5m,10,-67838.59999999999,14789
QQQ,midday,ofi_trailing_5m,25,-33615.0,14789
QQQ,midday,ofi_trailing_5m,50,2657.0,14789
QQQ,midday,ofi_trailing_5m,75,37474.0,14789
QQQ,midday,ofi_trailing_5m,90,73122.20000000001,14789
QQQ,midday,ofi_trailing_5m,95,95796.39999999997,14789
QQQ,midday,ofi_trailing_5m,99,142142.79999999996,14789
QQQ,midday,mean_spread,1,0.012029608569634658,14788
QQQ,midday,mean_spread,5,0.013376252882015894,14788
QQQ,midday,mean_spread,10,0.015371895737780151,14788
QQQ,midday,mean_spread,25,0.019806424287099198,14788
QQQ,midday,mean_spread,50,0.027004779097172516,14788
QQQ,midday,mean_spread,75,0.03457640683045855,14788
QQQ,midday,mean_spread,90,0.04359424424984005,14788
QQQ,midday,mean_spread,95,0.0515386559636457,14788
QQQ,midday,mean_spread,99,0.08041894835447108,14788
QQQ,midday,mean_mp_dev,1,-0.004952655439163544,14788
QQQ,midday,mean_mp_dev,5,-0.002561561800344472,14788
QQQ,midday,mean_mp_dev,10,-0.001740004065971864,14788
QQQ,midday,mean_mp_dev,25,-0.0009260690749992274,14788
QQQ,midday,mean_mp_dev,50,-9.903177537203697e-05,14788
QQQ,midday,mean_mp_dev,75,0.0007107842707531775,14788
QQQ,midday,mean_mp_dev,90,0.0015107012419245728,14788
QQQ,midday,mean_mp_dev,95,0.002095625682994203,14788
QQQ,midday,mean_mp_dev,99,0.003990775803180723,14788
QQQ,midday,aggressor_ratio,1,0.058830090848261664,14784
QQQ,midday,aggressor_ratio,5,0.1782511181330877,14784
QQQ,midday,aggressor_ratio,10,0.2456074168797954,14784
QQQ,midday,aggressor_ratio,25,0.3672356167619183,14784
QQQ,midday,aggressor_ratio,50,0.4935933549755307,14784
QQQ,midday,aggressor_ratio,75,0.6227718826309816,14784
QQQ,midday,aggressor_ratio,90,0.7474013062217405,14784
QQQ,midday,aggressor_ratio,95,0.8305654197067465,14784
QQQ,midday,aggressor_ratio,99,0.9588074485554341,14784
QQQ,midday,total_volume,1,183.0,14789
QQQ,midday,total_volume,5,431.0,14789
QQQ,midday,total_volume,10,628.0,14789
QQQ,midday,total_volume,25,1144.0,14789
QQQ,midday,total_volume,50,2048.0,14789
QQQ,midday,total_volume,75,3450.0,14789
QQQ,midday,total_volume,90,5235.200000000001,14789
QQQ,midday,total_volume,95,6561.399999999994,14789
QQQ,midday,total_volume,99,10317.319999999989,14789
QQQ,midday,n_trades,1,5.0,14789
QQQ,midday,n_trades,5,10.0,14789
QQQ,midday,n_trades,10,13.0,14789
QQQ,midday,n_trades,25,21.0,14789
QQQ,midday,n_trades,50,35.0,14789
QQQ,midday,n_trades,75,56.0,14789
QQQ,midday,n_trades,90,82.0,14789
QQQ,midday,n_trades,95,102.0,14789
QQQ,midday,n_trades,99,150.0,14789
QQQ,morning,ofi_trailing_5m,1,-187259.03,14880
QQQ,morning,ofi_trailing_5m,5,-117755.75,14880
QQQ,morning,ofi_trailing_5m,10,-85895.7,14880
QQQ,morning,ofi_trailing_5m,25,-42361.0,14880
QQQ,morning,ofi_trailing_5m,50,-519.5,14880
QQQ,morning,ofi_trailing_5m,75,41135.5,14880
QQQ,morning,ofi_trailing_5m,90,83472.50000000001,14880
QQQ,morning,ofi_trailing_5m,95,115060.49999999988,14880
QQQ,morning,ofi_trailing_5m,99,222265.58999999994,14880
QQQ,morning,mean_spread,1,0.012888183383095638,14880
QQQ,morning,mean_spread,5,0.0171435162775768,14880
QQQ,morning,mean_spread,10,0.01991145649297009,14880
QQQ,morning,mean_spread,25,0.025428004150954836,14880
QQQ,morning,mean_spread,50,0.032610068383381374,14880
QQQ,morning,mean_spread,75,0.04163232362734008,14880
QQQ,morning,mean_spread,90,0.05303634422791995,14880
QQQ,morning,mean_spread,95,0.0633419655577679,14880
QQQ,morning,mean_spread,99,0.10041391135870564,14880
QQQ,morning,mean_mp_dev,1,-0.004895220774474267,14880
QQQ,morning,mean_mp_dev,5,-0.0024323384617605,14880
QQQ,morning,mean_mp_dev,10,-0.001684829295909659,14880
QQQ,morning,mean_mp_dev,25,-0.0008218698716990318,14880
QQQ,morning,mean_mp_dev,50,-7.306467701863495e-05,14880
QQQ,morning,mean_mp_dev,75,0.0006673921847197608,14880
QQQ,morning,mean_mp_dev,90,0.0014441085222889377,14880
QQQ,morning,mean_mp_dev,95,0.002043285427811357,14880
QQQ,morning,mean_mp_dev,99,0.004466377624752439,14880
QQQ,morning,aggressor_ratio,1,0.10358155464745018,14879
QQQ,morning,aggressor_ratio,5,0.2116591928251121,14879
QQQ,morning,aggressor_ratio,10,0.2758644296206455,14879
QQQ,morning,aggressor_ratio,25,0.38239511059941345,14879
QQQ,morning,aggressor_ratio,50,0.49326951839664973,14879
QQQ,morning,aggressor_ratio,75,0.6056931352537976,14879
QQQ,morning,aggressor_ratio,90,0.7112258511294802,14879
QQQ,morning,aggressor_ratio,95,0.7774612151597489,14879
QQQ,morning,aggressor_ratio,99,0.8989372983539626,14879
QQQ,morning,total_volume,1,330.0,14880
QQQ,morning,total_volume,5,721.95,14880
QQQ,morning,total_volume,10,1007.0,14880
QQQ,morning,total_volume,25,1666.0,14880
QQQ,morning,total_volume,50,2690.5,14880
QQQ,morning,total_volume,75,4234.5,14880
QQQ,morning,total_volume,90,6173.1,14880
QQQ,morning,total_volume,95,7771.0,14880
QQQ,morning,total_volume,99,12168.27999999994,14880
QQQ,morning,n_trades,1,9.0,14880
QQQ,morning,n_trades,5,15.0,14880
QQQ,morning,n_trades,10,20.0,14880
QQQ,morning,n_trades,25,30.0,14880
QQQ,morning,n_trades,50,46.0,14880
QQQ,morning,n_trades,75,69.0,14880
QQQ,morning,n_trades,90,96.0,14880
QQQ,morning,n_trades,95,116.0,14880
QQQ,morning,n_trades,99,164.0,14880
QQQ,open,ofi_trailing_5m,1,-314704.7,3224
QQQ,open,ofi_trailing_5m,5,-182169.7,3224
QQQ,open,ofi_trailing_5m,10,-134718.3,3224
QQQ,open,ofi_trailing_5m,25,-77573.25,3224
QQQ,open,ofi_trailing_5m,50,-16139.5,3224
QQQ,open,ofi_trailing_5m,75,41873.5,3224
QQQ,open,ofi_trailing_5m,90,114891.90000000014,3224
QQQ,open,ofi_trailing_5m,95,171130.84999999998,3224
QQQ,open,ofi_trailing_5m,99,306149.01,3224
QQQ,open,mean_spread,1,0.019719826482446662,3720
QQQ,open,mean_spread,5,0.025752695678236962,3720
QQQ,open,mean_spread,10,0.02952297599725,3720
QQQ,open,mean_spread,25,0.03836800813353858,3720
QQQ,open,mean_spread,50,0.05137193809500092,3720
QQQ,open,mean_spread,75,0.07058322250621477,3720
QQQ,open,mean_spread,90,0.09972998683788863,3720
QQQ,open,mean_spread,95,0.13020586688979782,3720
QQQ,open,mean_spread,99,0.22400986350904403,3720
QQQ,open,mean_mp_dev,1,-0.009107051367425673,3720
QQQ,open,mean_mp_dev,5,-0.0032575655063040326,3720
QQQ,open,mean_mp_dev,10,-0.0019901583709261025,3720
QQQ,open,mean_mp_dev,25,-0.0008420767137565597,3720
QQQ,open,mean_mp_dev,50,2.953340421993956e-05,3720
QQQ,open,mean_mp_dev,75,0.0008981996796700209,3720
QQQ,open,mean_mp_dev,90,0.0020051515806603377,3720
QQQ,open,mean_mp_dev,95,0.0030938763284077894,3720
QQQ,open,mean_mp_dev,99,0.007553413890728655,3720
QQQ,open,aggressor_ratio,1,0.1592383786866654,3720
QQQ,open,aggressor_ratio,5,0.2562906104721327,3720
QQQ,open,aggressor_ratio,10,0.3079627630839882,3720
QQQ,open,aggressor_ratio,25,0.397250239211952,3720
QQQ,open,aggressor_ratio,50,0.4924524838122545,3720
QQQ,open,aggressor_ratio,75,0.5872115601206938,3720
QQQ,open,aggressor_ratio,90,0.6768891514633736,3720
QQQ,open,aggressor_ratio,95,0.7320673207929784,3720
QQQ,open,aggressor_ratio,99,0.8271063220508501,3720
QQQ,open,total_volume,1,763.76,3720
QQQ,open,total_volume,5,1304.0,3720
QQQ,open,total_volume,10,1726.9,3720
QQQ,open,total_volume,25,2574.0,3720
QQQ,open,total_volume,50,4073.5,3720
QQQ,open,total_volume,75,6105.0,3720
QQQ,open,total_volume,90,9084.9,3720
QQQ,open,total_volume,95,11333.299999999988,3720
QQQ,open,total_volume,99,17213.39,3720
QQQ,open,n_trades,1,16.0,3720
QQQ,open,n_trades,5,26.0,3720
QQQ,open,n_trades,10,32.0,3720
QQQ,open,n_trades,25,46.0,3720
QQQ,open,n_trades,50,67.0,3720
QQQ,open,n_trades,75,97.0,3720
QQQ,open,n_trades,90,137.0,3720
QQQ,open,n_trades,95,172.0,3720
QQQ,open,n_trades,99,255.80999999999995,3720
SPY,afternoon,ofi_trailing_5m,1,-107038.0,10981
SPY,afternoon,ofi_trailing_5m,5,-59925.0,10981
SPY,afternoon,ofi_trailing_5m,10,-39455.0,10981
SPY,afternoon,ofi_trailing_5m,25,-16756.0,10981
SPY,afternoon,ofi_trailing_5m,50,54.0,10981
SPY,afternoon,ofi_trailing_5m,75,15611.0,10981
SPY,afternoon,ofi_trailing_5m,90,36012.0,10981
SPY,afternoon,ofi_trailing_5m,95,51328.0,10981
SPY,afternoon,ofi_trailing_5m,99,88442.40000000001,10981
SPY,afternoon,mean_spread,1,0.012109135656686549,10981
SPY,afternoon,mean_spread,5,0.012827353572529983,10981
SPY,afternoon,mean_spread,10,0.013469892283233982,10981
SPY,afternoon,mean_spread,25,0.015574866310158938,10981
SPY,afternoon,mean_spread,50,0.02260735910572986,10981
SPY,afternoon,mean_spread,75,0.0307668182531174,10981
SPY,afternoon,mean_spread,90,0.03994602698651212,10981
SPY,afternoon,mean_spread,95,0.04660294578501935,10981
SPY,afternoon,mean_spread,99,0.0689621495731586,10981
SPY,afternoon,mean_mp_dev,1,-0.004249573425683815,10981
SPY,afternoon,mean_mp_dev,5,-0.0022181679235806604,10981
SPY,afternoon,mean_mp_dev,10,-0.0015019051304212014,10981
SPY,afternoon,mean_mp_dev,25,-0.0007146925048756278,10981
SPY,afternoon,mean_mp_dev,50,-8.648258956705489e-05,10981
SPY,afternoon,mean_mp_dev,75,0.00047328250634451514,10981
SPY,afternoon,mean_mp_dev,90,0.0011310350702600628,10981
SPY,afternoon,mean_mp_dev,95,0.0016809219153814628,10981
SPY,afternoon,mean_mp_dev,99,0.0031209427082025927,10981
SPY,afternoon,aggressor_ratio,1,0.12860527647360076,10980
SPY,afternoon,aggressor_ratio,5,0.23794633536942628,10980
SPY,afternoon,aggressor_ratio,10,0.30367919277029537,10980
SPY,afternoon,aggressor_ratio,25,0.4050392827727141,10980
SPY,afternoon,aggressor_ratio,50,0.5071861095194641,10980
SPY,afternoon,aggressor_ratio,75,0.6106536834850623,10980
SPY,afternoon,aggressor_ratio,90,0.706014835640453,10980
SPY,afternoon,aggressor_ratio,95,0.7672913749385224,10980
SPY,afternoon,aggressor_ratio,99,0.874269923502486,10980
SPY,afternoon,total_volume,1,438.0,10981
SPY,afternoon,total_volume,5,941.0,10981
SPY,afternoon,total_volume,10,1312.0,10981
SPY,afternoon,total_volume,25,2211.0,10981
SPY,afternoon,total_volume,50,3697.0,10981
SPY,afternoon,total_volume,75,5927.0,10981
SPY,afternoon,total_volume,90,9196.0,10981
SPY,afternoon,total_volume,95,11908.0,10981
SPY,afternoon,total_volume,99,19227.200000000063,10981
SPY,afternoon,n_trades,1,13.0,10981
SPY,afternoon,n_trades,5,23.0,10981
SPY,afternoon,n_trades,10,29.0,10981
SPY,afternoon,n_trades,25,43.0,10981
SPY,afternoon,n_trades,50,67.0,10981
SPY,afternoon,n_trades,75,102.0,10981
SPY,afternoon,n_trades,90,152.0,10981
SPY,afternoon,n_trades,95,193.0,10981
SPY,afternoon,n_trades,99,289.40000000000146,10981
SPY,close,ofi_trailing_5m,1,-180680.59999999998,3660
SPY,close,ofi_trailing_5m,5,-84527.4,3660
SPY,close,ofi_trailing_5m,10,-52664.899999999994,3660
SPY,close,ofi_trailing_5m,25,-22249.75,3660
SPY,close,ofi_trailing_5m,50,-140.0,3660
SPY,close,ofi_trailing_5m,75,22183.75,3660
SPY,close,ofi_trailing_5m,90,50113.19999999999,3660
SPY,close,ofi_trailing_5m,95,77656.09999999993,3660
SPY,close,ofi_trailing_5m,99,197092.71999999956,3660
SPY,close,mean_spread,1,0.012109667836116484,3660
SPY,close,mean_spread,5,0.01274110357294247,3660
SPY,close,mean_spread,10,0.013440978419297738,3660
SPY,close,mean_spread,25,0.015486165002387055,3660
SPY,close,mean_spread,50,0.02041171408888287,3660
SPY,close,mean_spread,75,0.02694740952630388,3660
SPY,close,mean_spread,90,0.034400418725295284,3660
SPY,close,mean_spread,95,0.04047039654033932,3660
SPY,close,mean_spread,99,0.057062719364537925,3660
SPY,close,mean_mp_dev,1,-0.0033938724449065296,3660
SPY,close,mean_mp_dev,5,-0.0020083557621517877,3660
SPY,close,mean_mp_dev,10,-0.0013960255806756898,3660
SPY,close,mean_mp_dev,25,-0.0006203081783916491,3660
SPY,close,mean_mp_dev,50,-1.4840512830379607e-06,3660
SPY,close,mean_mp_dev,75,0.0005666230999235107,3660
SPY,close,mean_mp_dev,90,0.0011492844340326093,3660
SPY,close,mean_mp_dev,95,0.001577262501890528,3660
SPY,close,mean_mp_dev,99,0.002356554079844255,3660
SPY,close,aggressor_ratio,1,0.2058342482858244,3660
SPY,close,aggressor_ratio,5,0.2970096073180237,3660
SPY,close,aggressor_ratio,10,0.3509164015481495,3660
SPY,close,aggressor_ratio,25,0.42867560998207493,3660
SPY,close,aggressor_ratio,50,0.5170223193478877,3660
SPY,close,aggressor_ratio,75,0.6004533435835444,3660
SPY,close,aggressor_ratio,90,0.68110558878117,3660
SPY,close,aggressor_ratio,95,0.7243162941816575,3660
SPY,close,aggressor_ratio,99,0.8189280159798195,3660
SPY,close,total_volume,1,1523.0,3660
SPY,close,total_volume,5,2551.9,3660
SPY,close,total_volume,10,3487.9,3660
SPY,close,total_volume,25,5912.25,3660
SPY,close,total_volume,50,9850.5,3660
SPY,close,total_volume,75,18347.0,3660
SPY,close,total_volume,90,32915.9,3660
SPY,close,total_volume,95,46151.64999999984,3660
SPY,close,total_volume,99,89588.81999999998,3660
SPY,close,n_trades,1,35.0,3660
SPY,close,n_trades,5,53.0,3660
SPY,close,n_trades,10,66.0,3660
SPY,close,n_trades,25,99.75,3660
SPY,close,n_trades,50,162.0,3660
SPY,close,n_trades,75,275.25,3660
SPY,close,n_trades,90,450.0,3660
SPY,close,n_trades,95,584.0999999999995,3660
SPY,close,n_trades,99,893.8199999999997,3660
SPY,midday,ofi_trailing_5m,1,-107779.32,14789
SPY,midday,ofi_trailing_5m,5,-68337.0,14789
SPY,midday,ofi_trailing_5m,10,-45294.59999999999,14789
SPY,midday,ofi_trailing_5m,25,-19508.0,14789
SPY,midday,ofi_trailing_5m,50,-2013.0,14789
SPY,midday,ofi_trailing_5m,75,14295.0,14789
SPY,midday,ofi_trailing_5m,90,33951.600000000006,14789
SPY,midday,ofi_trailing_5m,95,49484.79999999996,14789
SPY,midday,ofi_trailing_5m,99,89888.19999999997,14789
SPY,midday,mean_spread,1,0.012528178615179865,14786
SPY,midday,mean_spread,5,0.013229210536683822,14786
SPY,midday,mean_spread,10,0.013920163528625316,14786
SPY,midday,mean_spread,25,0.01630898437864949,14786
SPY,midday,mean_spread,50,0.024983325750160906,14786
SPY,midday,mean_spread,75,0.03463558003106738,14786
SPY,midday,mean_spread,90,0.04302392632197925,14786
SPY,midday,mean_spread,95,0.04953074147067357,14786
SPY,midday,mean_spread,99,0.06759425873364006,14786
SPY,midday,mean_mp_dev,1,-0.004112370123013485,14786
SPY,midday,mean_mp_dev,5,-0.002206121658190171,14786
SPY,midday,mean_mp_dev,10,-0.001494180842269981,14786
SPY,midday,mean_mp_dev,25,-0.0006603842074152507,14786
SPY,midday,mean_mp_dev,50,-2.0673618955276098e-05,14786
SPY,midday,mean_mp_dev,75,0.000592936730784066,14786
SPY,midday,mean_mp_dev,90,0.0013268378221894103,14786
SPY,midday,mean_mp_dev,95,0.001874490355344861,14786
SPY,midday,mean_mp_dev,99,0.003352674247357579,14786
SPY,midday,aggressor_ratio,1,0.09164381995713265,14783
SPY,midday,aggressor_ratio,5,0.21002022962635478,14783
SPY,midday,aggressor_ratio,10,0.2808090515999349,14783
SPY,midday,aggressor_ratio,25,0.39315440652147027,14783
SPY,midday,aggressor_ratio,50,0.5065334358186011,14783
SPY,midday,aggressor_ratio,75,0.6176223269107206,14783
SPY,midday,aggressor_ratio,90,0.7226277642851914,14783
SPY,midday,aggressor_ratio,95,0.7842633699033895,14783
SPY,midday,aggressor_ratio,99,0.9033247047494974,14783
SPY,midday,total_volume,1,269.0,14789
SPY,midday,total_volume,5,601.0,14789
SPY,midday,total_volume,10,886.0,14789
SPY,midday,total_volume,25,1544.0,14789
SPY,midday,total_volume,50,2641.0,14789
SPY,midday,total_volume,75,4335.0,14789
SPY,midday,total_volume,90,6643.200000000001,14789
SPY,midday,total_volume,95,8934.799999999996,14789
SPY,midday,total_volume,99,16730.319999999963,14789
SPY,midday,n_trades,1,9.0,14789
SPY,midday,n_trades,5,16.0,14789
SPY,midday,n_trades,10,21.0,14789
SPY,midday,n_trades,25,32.0,14789
SPY,midday,n_trades,50,51.0,14789
SPY,midday,n_trades,75,76.0,14789
SPY,midday,n_trades,90,112.0,14789
SPY,midday,n_trades,95,146.0,14789
SPY,midday,n_trades,99,274.119999999999,14789
SPY,morning,ofi_trailing_5m,1,-141843.49,14880
SPY,morning,ofi_trailing_5m,5,-91093.1,14880
SPY,morning,ofi_trailing_5m,10,-63946.4,14880
SPY,morning,ofi_trailing_5m,25,-31440.0,14880
SPY,morning,ofi_trailing_5m,50,-6125.0,14880
SPY,morning,ofi_trailing_5m,75,16332.75,14880
SPY,morning,ofi_trailing_5m,90,46221.3,14880
SPY,morning,ofi_trailing_5m,95,68871.24999999987,14880
SPY,morning,ofi_trailing_5m,99,127932.35999999999,14880
SPY,morning,mean_spread,1,0.01295833925946855,14880
SPY,morning,mean_spread,5,0.013962743552745445,14880
SPY,morning,mean_spread,10,0.01486687964597428,14880
SPY,morning,mean_spread,25,0.019713632738926224,14880
SPY,morning,mean_spread,50,0.029076324138807223,14880
SPY,morning,mean_spread,75,0.03852208789518011,14880
SPY,morning,mean_spread,90,0.049093330053144986,14880
SPY,morning,mean_spread,95,0.05861592034124301,14880
SPY,morning,mean_spread,99,0.0897057647217861,14880
SPY,morning,mean_mp_dev,1,-0.007531921984034651,14880
SPY,morning,mean_mp_dev,5,-0.0024420834789243306,14880
SPY,morning,mean_mp_dev,10,-0.0016102089781476973,14880
SPY,morning,mean_mp_dev,25,-0.000684791590044817,14880
SPY,morning,mean_mp_dev,50,-1.249844903045123e-05,14880
SPY,morning,mean_mp_dev,75,0.0006145241513886974,14880
SPY,morning,mean_mp_dev,90,0.0013459254213893659,14880
SPY,morning,mean_mp_dev,95,0.001900381173015092,14880
SPY,morning,mean_mp_dev,99,0.003494010740883436,14880
SPY,morning,aggressor_ratio,1,0.13761550121417412,14880
SPY,morning,aggressor_ratio,5,0.24125374249527748,14880
SPY,morning,aggressor_ratio,10,0.30235172613269007,14880
SPY,morning,aggressor_ratio,25,0.3991061676680496,14880
SPY,morning,aggressor_ratio,50,0.5037811066565536,14880
SPY,morning,aggressor_ratio,75,0.6094713608251929,14880
SPY,morning,aggressor_ratio,90,0.706680237824002,14880
SPY,morning,aggressor_ratio,95,0.7677179172983862,14880
SPY,morning,aggressor_ratio,99,0.8658113117085129,14880
SPY,morning,total_volume,1,480.0,14880
SPY,morning,total_volume,5,982.0,14880
SPY,morning,total_volume,10,1347.9,14880
SPY,morning,total_volume,25,2205.0,14880
SPY,morning,total_volume,50,3633.0,14880
SPY,morning,total_volume,75,5835.25,14880
SPY,morning,total_volume,90,8855.2,14880
SPY,morning,total_volume,95,11286.749999999989,14880
SPY,morning,total_volume,99,18938.249999999978,14880
SPY,morning,n_trades,1,13.0,14880
SPY,morning,n_trades,5,22.0,14880
SPY,morning,n_trades,10,29.0,14880
SPY,morning,n_trades,25,43.0,14880
SPY,morning,n_trades,50,64.0,14880
SPY,morning,n_trades,75,97.0,14880
SPY,morning,n_trades,90,140.0,14880
SPY,morning,n_trades,95,174.0,14880
SPY,morning,n_trades,99,272.0,14880
SPY,open,ofi_trailing_5m,1,-203963.15999999997,3224
SPY,open,ofi_trailing_5m,5,-118532.95,3224
SPY,open,ofi_trailing_5m,10,-83604.7,3224
SPY,open,ofi_trailing_5m,25,-45774.0,3224
SPY,open,ofi_trailing_5m,50,-8898.0,3224
SPY,open,ofi_trailing_5m,75,27400.0,3224
SPY,open,ofi_trailing_5m,90,73642.40000000001,3224
SPY,open,ofi_trailing_5m,95,121483.44999999992,3224
SPY,open,ofi_trailing_5m,99,213537.57,3224
SPY,open,mean_spread,1,0.01514374745654156,3720
SPY,open,mean_spread,5,0.017584378365417416,3720
SPY,open,mean_spread,10,0.02101401750082775,3720
SPY,open,mean_spread,25,0.030364216353698133,3720
SPY,open,mean_spread,50,0.041450782057855566,3720
SPY,open,mean_spread,75,0.055991060054862055,3720
SPY,open,mean_spread,90,0.07946957860370815,3720
SPY,open,mean_spread,95,0.10503267418279116,3720
SPY,open,mean_spread,99,0.20097084204472093,3720
SPY,open,mean_mp_dev,1,-0.013381154161430006,3720
SPY,open,mean_mp_dev,5,-0.0036837741210141574,3720
SPY,open,mean_mp_dev,10,-0.002505583588006734,3720
SPY,open,mean_mp_dev,25,-0.0011114660205974465,3720
SPY,open,mean_mp_dev,50,-8.875742568014634e-05,3720
SPY,open,mean_mp_dev,75,0.0007339159321109012,3720
SPY,open,mean_mp_dev,90,0.0018049850210548576,3720
SPY,open,mean_mp_dev,95,0.0029014393734617945,3720
SPY,open,mean_mp_dev,99,0.006933101284299437,3720
SPY,open,aggressor_ratio,1,0.15220009221776953,3720
SPY,open,aggressor_ratio,5,0.2513334267432628,3720
SPY,open,aggressor_ratio,10,0.304246119547307,3720
SPY,open,aggressor_ratio,25,0.39672954771418906,3720
SPY,open,aggressor_ratio,50,0.49528276836672336,3720
SPY,open,aggressor_ratio,75,0.5962693294631882,3720
SPY,open,aggressor_ratio,90,0.6820712254595588,3720
SPY,open,aggressor_ratio,95,0.7361346137431689,3720
SPY,open,aggressor_ratio,99,0.8386482565201518,3720
SPY,open,total_volume,1,1061.71,3720
SPY,open,total_volume,5,1762.0,3720
SPY,open,total_volume,10,2233.9,3720
SPY,open,total_volume,25,3479.0,3720
SPY,open,total_volume,50,5568.5,3720
SPY,open,total_volume,75,8622.25,3720
SPY,open,total_volume,90,12280.9,3720
SPY,open,total_volume,95,15004.549999999987,3720
SPY,open,total_volume,99,22271.489999999994,3720
SPY,open,n_trades,1,24.0,3720
SPY,open,n_trades,5,35.0,3720
SPY,open,n_trades,10,43.0,3720
SPY,open,n_trades,25,60.0,3720
SPY,open,n_trades,50,90.0,3720
SPY,open,n_trades,75,132.0,3720
SPY,open,n_trades,90,183.0999999999999,3720
SPY,open,n_trades,95,222.0,3720
SPY,open,n_trades,99,327.80999999999995,3720
